pclass,survived,sex,age,sibsp,parch,sexnum
0,1,1,female,29.0,0,0,0
1,1,1,male,0.9167,1,2,1
2,1,0,female,2.0,1,2,0
3,1,0,male,30.0,1,2,1
4,1,0,female,25.0,1,2,0
5,1,1,male,48.0,0,0,1
6,1,1,female,63.0,1,0,0
7,1,0,male,39.0,0,0,1
8,1,1,female,53.0,2,0,0
9,1,0,male,71.0,0,0,1
10,1,0,male,47.0,1,0,1
11,1,1,female,18.0,1,0,0
12,1,1,female,24.0,0,0,0
13,1,1,female,26.0,0,0,0
14,1,1,male,80.0,0,0,1
16,1,1,female,32.0,0,0,0
17,1,0,male,36.0,0,0,1
18,1,1,male,37.0,1,1,1
19,1,1,female,47.0,1,1,0
20,1,1,male,26.0,0,0,1
21,1,1,female,42.0,0,0,0
22,1,1,female,29.0,0,0,0
23,1,0,male,25.0,0,0,1
24,1,1,male,25.0,1,0,1
25,1,1,female,19.0,1,0,0
26,1,1,female,35.0,0,0,0
27,1,1,male,28.0,0,0,1
28,1,0,male,45.0,0,0,1
29,1,1,male,40.0,0,0,1
30,1,1,female,30.0,0,0,0
31,1,1,female,58.0,0,0,0
32,1,0,male,42.0,0,0,1
33,1,1,female,45.0,0,0,0
34,1,1,female,22.0,0,1,0
36,1,0,male,41.0,0,0,1
37,1,0,male,48.0,0,0,1
39,1,1,female,44.0,0,0,0
40,1,1,female,59.0,2,0,0
41,1,1,female,60.0,0,0,0
42,1,1,female,41.0,0,0,0
43,1,0,male,45.0,0,0,1
45,1,1,male,42.0,0,0,1
46,1,1,female,53.0,0,0,0
47,1,1,male,36.0,0,1,1
48,1,1,female,58.0,0,1,0
49,1,0,male,33.0,0,0,1
50,1,0,male,28.0,0,0,1
51,1,0,male,17.0,0,0,1
52,1,1,male,11.0,1,2,1
53,1,1,female,14.0,1,2,0
54,1,1,male,36.0,1,2,1
55,1,1,female,36.0,1,2,0
56,1,0,male,49.0,0,0,1
58,1,0,male,36.0,1,0,1
59,1,1,female,76.0,1,0,0
60,1,0,male,46.0,1,0,1
61,1,1,female,47.0,1,0,0
62,1,1,male,27.0,1,0,1
63,1,1,female,33.0,1,0,0
64,1,1,female,36.0,0,0,0
65,1,1,female,30.0,0,0,0
66,1,1,male,45.0,0,0,1
69,1,0,male,27.0,1,0,1
70,1,1,female,26.0,1,0,0
71,1,1,female,22.0,0,0,0
73,1,0,male,47.0,0,0,1
74,1,1,female,39.0,1,1,0
75,1,0,male,37.0,1,1,1
76,1,1,female,64.0,0,2,0
77,1,1,female,55.0,2,0,0
79,1,0,male,70.0,1,1,1
80,1,1,female,36.0,0,2,0
81,1,1,female,64.0,1,1,0
82,1,0,male,39.0,1,0,1
83,1,1,female,38.0,1,0,0
84,1,1,male,51.0,0,0,1
85,1,1,male,27.0,0,0,1
86,1,1,female,33.0,0,0,0
87,1,0,male,31.0,1,0,1
88,1,1,female,27.0,1,2,0
89,1,1,male,31.0,1,0,1
90,1,1,female,17.0,1,0,0
91,1,0,male,50.0,1,0,1
92,1,1,female,27.0,1,1,0
93,1,1,female,48.0,1,0,0
94,1,1,female,48.0,1,0,0
95,1,1,male,49.0,1,0,1
96,1,0,male,39.0,0,0,1
97,1,1,female,23.0,0,1,0
98,1,1,female,38.0,0,0,0
99,1,1,female,54.0,1,0,0
100,1,0,female,36.0,0,0,0
104,1,1,male,36.0,0,0,1
105,1,0,male,30.0,0,0,1
106,1,1,female,30.0,0,0,0
108,1,1,male,50.0,2,0,1
109,1,1,male,43.0,1,0,1
111,1,1,female,22.0,0,2,0
112,1,1,male,60.0,1,1,1
113,1,1,female,48.0,1,1,0
115,1,0,male,37.0,1,0,1
116,1,1,female,35.0,1,0,0
117,1,0,male,47.0,0,0,1
118,1,1,female,35.0,0,0,0
119,1,1,female,22.0,0,1,0
120,1,1,female,45.0,0,1,0
121,1,0,male,24.0,0,0,1
122,1,1,male,49.0,1,0,1
124,1,0,male,71.0,0,0,1
125,1,1,male,53.0,0,0,1
126,1,1,female,19.0,0,0,0
127,1,0,male,38.0,0,1,1
128,1,1,female,58.0,0,1,0
129,1,1,male,23.0,0,1,1
130,1,1,female,45.0,0,1,0
131,1,0,male,46.0,0,0,1
132,1,1,male,25.0,1,0,1
133,1,1,female,25.0,1,0,0
134,1,1,male,48.0,1,0,1
135,1,1,female,49.0,1,0,0
137,1,0,male,45.0,1,0,1
138,1,1,female,35.0,1,0,0
139,1,0,male,40.0,0,0,1
140,1,1,male,27.0,0,0,1
142,1,1,female,24.0,0,0,0
143,1,0,male,55.0,1,1,1
144,1,1,female,52.0,1,1,0
145,1,0,male,42.0,0,0,1
147,1,0,male,55.0,0,0,1
148,1,1,female,16.0,0,1,0
149,1,1,female,44.0,0,1,0
150,1,1,female,51.0,1,0,0
151,1,0,male,42.0,1,0,1
152,1,1,female,35.0,1,0,0
153,1,1,male,35.0,0,0,1
154,1,1,male,38.0,1,0,1
156,1,1,female,35.0,1,0,0
157,1,1,female,38.0,0,0,0
158,1,0,female,50.0,0,0,0
159,1,1,male,49.0,0,0,1
160,1,0,male,46.0,0,0,1
161,1,0,male,50.0,0,0,1
162,1,0,male,32.5,0,0,1
163,1,0,male,58.0,0,0,1
164,1,0,male,41.0,1,0,1
166,1,1,male,42.0,1,0,1
167,1,1,female,45.0,1,0,0
169,1,1,female,39.0,0,0,0
170,1,1,female,49.0,0,0,0
171,1,1,female,30.0,0,0,0
172,1,1,male,35.0,0,0,1
174,1,0,male,42.0,0,0,1
175,1,1,female,55.0,0,0,0
176,1,1,female,16.0,0,1,0
177,1,1,female,51.0,0,1,0
178,1,0,male,29.0,0,0,1
179,1,1,female,21.0,0,0,0
180,1,0,male,30.0,0,0,1
181,1,1,female,58.0,0,0,0
182,1,1,female,15.0,0,1,0
183,1,0,male,30.0,0,0,1
184,1,1,female,16.0,0,0,0
186,1,0,male,19.0,1,0,1
187,1,1,female,18.0,1,0,0
188,1,1,female,24.0,0,0,0
189,1,0,male,46.0,0,0,1
190,1,0,male,54.0,0,0,1
191,1,1,male,36.0,0,0,1
192,1,0,male,28.0,1,0,1
194,1,0,male,65.0,0,0,1
195,1,0,male,44.0,2,0,1
196,1,1,female,33.0,1,0,0
197,1,1,female,37.0,1,0,0
198,1,1,male,30.0,1,0,1
199,1,0,male,55.0,0,0,1
200,1,0,male,47.0,0,0,1
201,1,0,male,37.0,0,1,1
202,1,1,female,31.0,1,0,0
203,1,1,female,23.0,1,0,0
204,1,0,male,58.0,0,2,1
205,1,1,female,19.0,0,2,0
206,1,0,male,64.0,0,0,1
207,1,1,female,39.0,0,0,0
209,1,1,female,22.0,0,1,0
210,1,0,male,65.0,0,1,1
211,1,0,male,28.5,0,0,1
213,1,0,male,45.5,0,0,1
214,1,0,male,23.0,0,0,1
215,1,0,male,29.0,1,0,1
216,1,1,female,22.0,1,0,0
217,1,0,male,18.0,1,0,1
218,1,1,female,17.0,1,0,0
219,1,1,female,30.0,0,0,0
220,1,1,male,52.0,0,0,1
221,1,0,male,47.0,0,0,1
222,1,1,female,56.0,0,1,0
223,1,0,male,38.0,0,0,1
225,1,0,male,22.0,0,0,1
227,1,1,female,43.0,0,1,0
228,1,0,male,31.0,0,0,1
229,1,1,male,45.0,0,0,1
231,1,1,female,33.0,0,0,0
232,1,0,male,46.0,0,0,1
233,1,0,male,36.0,0,0,1
234,1,1,female,33.0,0,0,0
235,1,0,male,55.0,1,0,1
236,1,1,female,54.0,1,0,0
237,1,0,male,33.0,0,0,1
238,1,1,male,13.0,2,2,1
239,1,1,female,18.0,2,2,0
240,1,1,female,21.0,2,2,0
241,1,0,male,61.0,1,3,1
242,1,1,female,48.0,1,3,0
244,1,1,female,24.0,0,0,0
246,1,1,female,35.0,1,0,0
247,1,1,female,30.0,0,0,0
248,1,1,male,34.0,0,0,1
249,1,1,female,40.0,0,0,0
250,1,1,male,35.0,0,0,1
251,1,0,male,50.0,1,0,1
252,1,1,female,39.0,1,0,0
253,1,1,male,56.0,0,0,1
254,1,1,male,28.0,0,0,1
255,1,0,male,56.0,0,0,1
256,1,0,male,56.0,0,0,1
257,1,0,male,24.0,1,0,1
259,1,1,female,18.0,1,0,0
260,1,1,male,24.0,1,0,1
261,1,1,female,23.0,1,0,0
262,1,1,male,6.0,0,2,1
263,1,1,male,45.0,1,1,1
264,1,1,female,40.0,1,1,0
265,1,0,male,57.0,1,0,1
267,1,1,male,32.0,0,0,1
268,1,0,male,62.0,0,0,1
269,1,1,male,54.0,1,0,1
270,1,1,female,43.0,1,0,0
271,1,1,female,52.0,1,0,0
273,1,1,female,62.0,0,0,0
274,1,0,male,67.0,1,0,1
275,1,0,female,63.0,1,0,0
276,1,0,male,61.0,0,0,1
277,1,1,female,48.0,0,0,0
278,1,1,female,18.0,0,2,0
279,1,0,male,52.0,1,1,1
280,1,1,female,39.0,1,1,0
281,1,1,male,48.0,1,0,1
283,1,0,male,49.0,1,1,1
284,1,1,male,17.0,0,2,1
285,1,1,female,39.0,1,1,0
287,1,1,male,31.0,0,0,1
288,1,0,male,40.0,0,0,1
289,1,0,male,61.0,0,0,1
290,1,0,male,47.0,0,0,1
291,1,1,female,35.0,0,0,0
292,1,0,male,64.0,1,0,1
293,1,1,female,60.0,1,0,0
294,1,0,male,60.0,0,0,1
295,1,0,male,54.0,0,1,1
296,1,0,male,21.0,0,1,1
297,1,1,female,55.0,0,0,0
298,1,1,female,31.0,0,2,0
299,1,0,male,57.0,1,1,1
300,1,1,female,45.0,1,1,0
301,1,0,male,50.0,1,1,1
302,1,0,male,27.0,0,2,1
303,1,1,female,50.0,1,1,0
304,1,1,female,21.0,0,0,0
305,1,0,male,51.0,0,1,1
306,1,1,male,21.0,0,1,1
308,1,1,female,31.0,0,0,0
310,2,0,male,30.0,1,0,1
311,2,1,female,28.0,1,0,0
312,2,0,male,30.0,0,0,1
313,2,0,male,18.0,0,0,1
314,2,0,male,25.0,0,0,1
315,2,0,male,34.0,1,0,1
316,2,1,female,36.0,1,0,0
317,2,0,male,57.0,0,0,1
318,2,0,male,18.0,0,0,1
319,2,0,male,23.0,0,0,1
320,2,1,female,36.0,0,0,0
321,2,0,male,28.0,0,0,1
322,2,0,male,51.0,0,0,1
323,2,1,male,32.0,1,0,1
324,2,1,female,19.0,1,0,0
325,2,0,male,28.0,0,0,1
326,2,1,female,24.0,0,0,0
327,2,1,female,15.0,0,2,0
328,2,0,male,60.0,1,1,1
329,2,1,female,40.0,1,1,0
330,2,1,female,20.0,1,0,0
331,2,0,male,25.0,1,0,1
332,2,1,female,36.0,0,0,0
333,2,0,male,25.0,0,0,1
334,2,0,male,42.0,0,0,1
335,2,1,female,42.0,0,0,0
336,2,1,male,0.8333,0,2,1
337,2,1,male,26.0,1,1,1
338,2,1,female,22.0,1,1,0
339,2,1,female,35.0,0,0,0
341,2,0,male,19.0,0,0,1
342,2,0,female,44.0,1,0,0
343,2,0,male,54.0,1,0,1
344,2,0,male,52.0,0,0,1
345,2,0,male,37.0,1,0,1
346,2,0,female,29.0,1,0,0
347,2,1,female,25.0,1,1,0
348,2,1,female,45.0,0,2,0
349,2,0,male,29.0,1,0,1
350,2,1,female,28.0,1,0,0
351,2,0,male,29.0,0,0,1
352,2,0,male,28.0,0,0,1
353,2,1,male,24.0,0,0,1
354,2,1,female,8.0,0,2,0
355,2,0,male,31.0,1,1,1
356,2,1,female,31.0,1,1,0
357,2,1,female,22.0,0,0,0
358,2,0,female,30.0,0,0,0
360,2,0,male,21.0,0,0,1
362,2,1,male,8.0,1,1,1
363,2,0,male,18.0,0,0,1
364,2,1,female,48.0,0,2,0
365,2,1,female,28.0,0,0,0
366,2,0,male,32.0,0,0,1
367,2,0,male,17.0,0,0,1
368,2,0,male,29.0,1,0,1
369,2,1,female,24.0,1,0,0
370,2,0,male,25.0,0,0,1
371,2,0,male,18.0,0,0,1
372,2,1,female,18.0,0,1,0
373,2,1,female,34.0,0,1,0
374,2,0,male,54.0,0,0,1
375,2,1,male,8.0,0,2,1
376,2,0,male,42.0,1,1,1
377,2,1,female,34.0,1,1,0
378,2,1,female,27.0,1,0,0
379,2,1,female,30.0,1,0,0
380,2,0,male,23.0,0,0,1
381,2,0,male,21.0,0,0,1
382,2,0,male,18.0,0,0,1
383,2,0,male,40.0,1,0,1
384,2,1,female,29.0,1,0,0
385,2,0,male,18.0,0,0,1
386,2,0,male,36.0,0,0,1
388,2,0,female,38.0,0,0,0
389,2,0,male,35.0,0,0,1
390,2,0,male,38.0,1,0,1
391,2,0,male,34.0,1,0,1
392,2,1,female,34.0,0,0,0
393,2,0,male,16.0,0,0,1
394,2,0,male,26.0,0,0,1
395,2,0,male,47.0,0,0,1
396,2,0,male,21.0,1,0,1
397,2,0,male,21.0,1,0,1
398,2,0,male,24.0,0,0,1
399,2,0,male,24.0,0,0,1
400,2,0,male,34.0,0,0,1
401,2,0,male,30.0,0,0,1
402,2,0,male,52.0,0,0,1
403,2,0,male,30.0,0,0,1
404,2,1,male,0.6667,1,1,1
405,2,1,female,24.0,0,2,0
406,2,0,male,44.0,0,0,1
407,2,1,female,6.0,0,1,0
408,2,0,male,28.0,0,1,1
409,2,1,male,62.0,0,0,1
410,2,0,male,30.0,0,0,1
411,2,1,female,7.0,0,2,0
412,2,0,male,43.0,1,1,1
413,2,1,female,45.0,1,1,0
414,2,1,female,24.0,1,2,0
415,2,1,female,24.0,1,2,0
416,2,0,male,49.0,1,2,1
417,2,1,female,48.0,1,2,0
418,2,1,female,55.0,0,0,0
419,2,0,male,50.0,0,0,1
420,2,0,male,44.0,1,0,1
421,2,1,female,29.0,1,0,0
422,2,0,male,21.0,0,0,1
423,2,1,male,42.0,0,0,1
424,2,0,male,63.0,1,0,1
425,2,0,female,60.0,1,0,0
426,2,0,male,33.0,0,0,1
427,2,1,female,17.0,0,0,0
428,2,0,male,42.0,1,0,1
429,2,1,female,24.0,2,1,0
430,2,0,male,47.0,0,0,1
431,2,0,male,24.0,2,0,1
432,2,0,male,22.0,2,0,1
433,2,0,male,32.0,0,0,1
434,2,1,female,23.0,0,0,0
435,2,0,male,34.0,1,0,1
436,2,1,female,24.0,1,0,0
437,2,0,female,22.0,0,0,0
439,2,0,male,35.0,0,0,1
440,2,1,female,45.0,0,0,0
441,2,0,male,57.0,0,0,1
443,2,0,male,31.0,0,0,1
444,2,0,female,26.0,1,1,0
445,2,0,male,30.0,1,1,1
447,2,1,female,1.0,1,2,0
448,2,1,female,3.0,1,2,0
449,2,0,male,25.0,1,2,1
450,2,1,female,22.0,1,2,0
451,2,1,female,17.0,0,0,0
453,2,1,female,34.0,0,0,0
454,2,0,male,36.0,0,0,1
455,2,0,male,24.0,0,0,1
456,2,0,male,61.0,0,0,1
457,2,0,male,50.0,1,0,1
458,2,1,female,42.0,1,0,0
459,2,0,female,57.0,0,0,0
462,2,0,male,30.0,0,0,1
463,2,0,male,40.0,0,0,1
464,2,0,male,32.0,0,0,1
465,2,0,male,30.0,0,0,1
466,2,0,male,46.0,0,0,1
467,2,1,female,13.0,0,1,0
468,2,1,female,41.0,0,1,0
469,2,1,male,19.0,0,0,1
470,2,0,male,39.0,0,0,1
471,2,0,male,48.0,0,0,1
472,2,0,male,70.0,0,0,1
473,2,0,male,27.0,0,0,1
474,2,0,male,54.0,0,0,1
475,2,0,male,39.0,0,0,1
476,2,0,male,16.0,0,0,1
477,2,0,male,62.0,0,0,1
478,2,0,male,32.5,1,0,1
479,2,1,female,14.0,1,0,0
480,2,1,male,2.0,1,1,1
481,2,1,male,3.0,1,1,1
482,2,0,male,36.5,0,2,1
483,2,0,male,26.0,0,0,1
484,2,0,male,19.0,1,1,1
485,2,0,male,28.0,0,0,1
486,2,1,male,20.0,0,0,1
487,2,1,female,29.0,0,0,0
488,2,0,male,39.0,0,0,1
489,2,1,male,22.0,0,0,1
491,2,0,male,23.0,0,0,1
492,2,1,male,29.0,0,0,1
493,2,0,male,28.0,0,0,1
495,2,1,female,50.0,0,1,0
496,2,0,male,19.0,0,0,1
498,2,0,male,41.0,0,0,1
499,2,1,female,21.0,0,1,0
500,2,1,female,19.0,0,0,0
501,2,0,male,43.0,0,1,1
502,2,1,female,32.0,0,0,0
503,2,0,male,34.0,0,0,1
504,2,1,male,30.0,0,0,1
505,2,0,male,27.0,0,0,1
506,2,1,female,2.0,1,1,0
507,2,1,female,8.0,1,1,0
508,2,1,female,33.0,0,2,0
509,2,0,male,36.0,0,0,1
510,2,0,male,34.0,1,0,1
511,2,1,female,30.0,3,0,0
512,2,1,female,28.0,0,0,0
513,2,0,male,23.0,0,0,1
514,2,1,male,0.8333,1,1,1
515,2,1,male,3.0,1,1,1
516,2,1,female,24.0,2,3,0
517,2,1,female,50.0,0,0,0
518,2,0,male,19.0,0,0,1
519,2,1,female,21.0,0,0,0
520,2,0,male,26.0,0,0,1
521,2,0,male,25.0,0,0,1
522,2,0,male,27.0,0,0,1
523,2,1,female,25.0,0,1,0
524,2,1,female,18.0,0,2,0
525,2,1,female,20.0,0,0,0
526,2,1,female,30.0,0,0,0
527,2,0,male,59.0,0,0,1
528,2,1,female,30.0,0,0,0
529,2,0,male,35.0,0,0,1
530,2,1,female,40.0,0,0,0
531,2,0,male,25.0,0,0,1
532,2,0,male,41.0,0,0,1
533,2,0,male,25.0,0,0,1
534,2,0,male,18.5,0,0,1
535,2,0,male,14.0,0,0,1
536,2,1,female,50.0,0,0,0
537,2,0,male,23.0,0,0,1
538,2,1,female,28.0,0,0,0
539,2,1,female,27.0,0,0,0
540,2,0,male,29.0,1,0,1
541,2,0,female,27.0,1,0,0
542,2,0,male,40.0,0,0,1
543,2,1,female,31.0,0,0,0
544,2,0,male,30.0,1,0,1
545,2,0,male,23.0,1,0,1
546,2,1,female,31.0,0,0,0
548,2,1,female,12.0,0,0,0
549,2,1,female,40.0,0,0,0
550,2,1,female,32.5,0,0,0
551,2,0,male,27.0,1,0,1
552,2,1,female,29.0,1,0,0
553,2,1,male,2.0,1,1,1
554,2,1,female,4.0,1,1,0
555,2,1,female,29.0,0,2,0
556,2,1,female,0.9167,1,2,0
557,2,1,female,5.0,1,2,0
558,2,0,male,36.0,1,2,1
559,2,1,female,33.0,1,2,0
560,2,0,male,66.0,0,0,1
562,2,1,male,31.0,0,0,1
564,2,1,female,26.0,0,0,0
565,2,0,female,24.0,0,0,0
566,3,0,male,42.0,0,0,1
567,3,0,male,13.0,0,2,1
568,3,0,male,16.0,1,1,1
569,3,1,female,35.0,1,1,0
570,3,1,female,16.0,0,0,0
571,3,1,male,25.0,0,0,1
572,3,1,male,20.0,0,0,1
573,3,1,female,18.0,0,0,0
574,3,0,male,30.0,0,0,1
575,3,0,male,26.0,0,0,1
576,3,0,female,40.0,1,0,0
577,3,1,male,0.8333,0,1,1
578,3,1,female,18.0,0,1,0
579,3,1,male,26.0,0,0,1
580,3,0,male,26.0,0,0,1
581,3,0,male,20.0,0,0,1
582,3,0,male,4.0,4,2,1
583,3,0,female,6.0,4,2,0
584,3,0,female,2.0,4,2,0
585,3,1,female,17.0,4,2,0
586,3,0,female,38.0,4,2,0
587,3,0,female,9.0,4,2,0
588,3,0,female,11.0,4,2,0
589,3,0,male,39.0,1,5,1
590,3,1,male,27.0,0,0,1
591,3,0,male,26.0,0,0,1
592,3,0,female,39.0,1,5,0
593,3,0,male,20.0,0,0,1
594,3,0,male,26.0,0,0,1
595,3,0,male,25.0,1,0,1
596,3,0,female,18.0,1,0,0
597,3,0,male,24.0,0,0,1
598,3,0,male,35.0,0,0,1
599,3,0,male,5.0,4,2,1
600,3,0,male,9.0,4,2,1
601,3,1,male,3.0,4,2,1
602,3,0,male,13.0,4,2,1
603,3,1,female,5.0,4,2,0
604,3,0,male,40.0,1,5,1
605,3,1,male,23.0,0,0,1
606,3,1,female,38.0,1,5,0
607,3,1,female,45.0,0,0,0
608,3,0,male,21.0,0,0,1
609,3,0,male,23.0,0,0,1
610,3,0,female,17.0,0,0,0
611,3,0,male,30.0,0,0,1
612,3,0,male,23.0,0,0,1
613,3,1,female,13.0,0,0,0
614,3,0,male,20.0,0,0,1
615,3,0,male,32.0,1,0,1
616,3,1,female,33.0,3,0,0
617,3,1,female,0.75,2,1,0
618,3,1,female,0.75,2,1,0
619,3,1,female,5.0,2,1,0
620,3,1,female,24.0,0,3,0
621,3,1,female,18.0,0,0,0
622,3,0,male,40.0,0,0,1
623,3,0,male,26.0,0,0,1
624,3,1,male,20.0,0,0,1
625,3,0,female,18.0,0,1,0
626,3,0,female,45.0,0,1,0
627,3,0,female,27.0,0,0,0
628,3,0,male,22.0,0,0,1
629,3,0,male,19.0,0,0,1
630,3,0,male,26.0,0,0,1
631,3,0,male,22.0,0,0,1
633,3,0,male,20.0,0,0,1
634,3,1,male,32.0,0,0,1
635,3,0,male,21.0,0,0,1
636,3,0,male,18.0,0,0,1
637,3,0,male,26.0,0,0,1
638,3,0,male,6.0,1,1,1
639,3,0,female,9.0,1,1,0
643,3,0,male,40.0,1,1,1
644,3,0,female,32.0,1,1,0
645,3,0,male,21.0,0,0,1
646,3,1,female,22.0,0,0,0
647,3,0,female,20.0,0,0,0
648,3,0,male,29.0,1,0,1
649,3,0,male,22.0,1,0,1
650,3,0,male,22.0,0,0,1
651,3,0,male,35.0,0,0,1
652,3,0,female,18.5,0,0,0
653,3,1,male,21.0,0,0,1
654,3,0,male,19.0,0,0,1
655,3,0,female,18.0,0,0,0
656,3,0,female,21.0,0,0,0
657,3,0,female,30.0,0,0,0
658,3,0,male,18.0,0,0,1
659,3,0,male,38.0,0,0,1
660,3,0,male,17.0,0,0,1
661,3,0,male,17.0,0,0,1
662,3,0,female,21.0,0,0,0
663,3,0,male,21.0,0,0,1
664,3,0,male,21.0,0,0,1
667,3,0,male,28.0,0,0,1
668,3,0,male,24.0,0,0,1
669,3,1,female,16.0,0,0,0
670,3,0,female,37.0,0,0,0
671,3,0,male,28.0,0,0,1
672,3,0,male,24.0,0,0,1
673,3,0,male,21.0,0,0,1
674,3,1,male,32.0,0,0,1
675,3,0,male,29.0,0,0,1
676,3,0,male,26.0,1,0,1
677,3,0,male,18.0,1,0,1
678,3,0,male,20.0,0,0,1
679,3,1,male,18.0,0,0,1
680,3,0,male,24.0,0,0,1
681,3,0,male,36.0,0,0,1
682,3,0,male,24.0,0,0,1
683,3,0,male,31.0,0,0,1
684,3,0,male,31.0,0,0,1
685,3,1,female,22.0,0,0,0
686,3,0,female,30.0,0,0,0
687,3,0,male,70.5,0,0,1
688,3,0,male,43.0,0,0,1
689,3,0,male,35.0,0,0,1
690,3,0,male,27.0,0,0,1
691,3,0,male,19.0,0,0,1
692,3,0,male,30.0,0,0,1
693,3,1,male,9.0,1,1,1
694,3,1,male,3.0,1,1,1
695,3,1,female,36.0,0,2,0
696,3,0,male,59.0,0,0,1
697,3,0,male,19.0,0,0,1
698,3,1,female,17.0,0,1,0
699,3,0,male,44.0,0,1,1
700,3,0,male,17.0,0,0,1
701,3,0,male,22.5,0,0,1
702,3,1,male,45.0,0,0,1
703,3,0,female,22.0,0,0,0
704,3,0,male,19.0,0,0,1
705,3,1,female,30.0,0,0,0
706,3,1,male,29.0,0,0,1
707,3,0,male,0.3333,0,2,1
708,3,0,male,34.0,1,1,1
709,3,0,female,28.0,1,1,0
710,3,0,male,27.0,0,0,1
711,3,0,male,25.0,0,0,1
712,3,0,male,24.0,2,0,1
713,3,0,male,22.0,0,0,1
714,3,0,male,21.0,2,0,1
715,3,0,male,17.0,2,0,1
718,3,1,male,36.5,1,0,1
719,3,1,female,36.0,1,0,0
720,3,1,male,30.0,0,0,1
721,3,0,male,16.0,0,0,1
722,3,1,female,0.1667,1,2,0
723,3,0,male,26.0,1,2,1
724,3,1,female,33.0,1,2,0
725,3,0,male,25.0,0,0,1
728,3,0,male,22.0,0,0,1
729,3,0,male,36.0,0,0,1
730,3,1,female,19.0,0,0,0
731,3,0,male,17.0,0,0,1
732,3,0,male,42.0,0,0,1
733,3,0,male,43.0,0,0,1
735,3,0,male,32.0,0,0,1
736,3,1,male,19.0,0,0,1
737,3,1,female,30.0,0,0,0
738,3,0,female,24.0,0,0,0
739,3,1,female,23.0,0,0,0
740,3,0,male,33.0,0,0,1
741,3,0,male,65.0,0,0,1
742,3,1,male,24.0,0,0,1
743,3,0,male,23.0,1,0,1
744,3,1,female,22.0,1,0,0
745,3,0,male,18.0,0,0,1
746,3,0,male,16.0,0,0,1
747,3,0,male,45.0,0,0,1
749,3,0,male,39.0,0,2,1
750,3,0,male,17.0,1,1,1
751,3,0,male,15.0,1,1,1
752,3,0,male,47.0,0,0,1
753,3,1,female,5.0,0,0,0
755,3,0,male,40.5,0,0,1
757,3,0,male,18.0,0,0,1
761,3,0,male,26.0,0,0,1
764,3,0,female,21.0,2,2,0
765,3,0,female,9.0,2,2,0
767,3,0,male,18.0,2,2,1
768,3,0,male,16.0,1,3,1
769,3,0,female,48.0,1,3,0
772,3,0,male,25.0,0,0,1
775,3,0,male,22.0,0,0,1
776,3,1,female,16.0,0,0,0
778,3,1,male,9.0,0,2,1
779,3,0,male,33.0,1,1,1
780,3,0,male,41.0,0,0,1
781,3,1,female,31.0,1,1,0
782,3,0,male,38.0,0,0,1
783,3,0,male,9.0,5,2,1
784,3,0,male,1.0,5,2,1
785,3,0,male,11.0,5,2,1
786,3,0,female,10.0,5,2,0
787,3,0,female,16.0,5,2,0
788,3,0,male,14.0,5,2,1
789,3,0,male,40.0,1,6,1
790,3,0,female,43.0,1,6,0
791,3,0,male,51.0,0,0,1
792,3,0,male,32.0,0,0,1
794,3,0,male,20.0,0,0,1
795,3,0,male,37.0,2,0,1
796,3,0,male,28.0,2,0,1
797,3,0,male,19.0,0,0,1
798,3,0,female,24.0,0,0,0
799,3,0,female,17.0,0,0,0
802,3,0,male,28.0,1,0,1
803,3,1,female,24.0,1,0,0
804,3,0,male,20.0,0,0,1
805,3,0,male,23.5,0,0,1
806,3,0,male,41.0,2,0,1
807,3,0,male,26.0,1,0,1
808,3,0,male,21.0,0,0,1
809,3,1,female,45.0,1,0,0
811,3,0,male,25.0,0,0,1
813,3,0,male,11.0,0,0,1
815,3,1,male,27.0,0,0,1
817,3,0,female,18.0,0,0,0
818,3,1,female,26.0,0,0,0
819,3,0,female,23.0,0,0,0
820,3,1,female,22.0,0,0,0
821,3,0,male,28.0,0,0,1
822,3,0,female,28.0,0,0,0
824,3,1,female,2.0,0,1,0
825,3,1,female,22.0,1,1,0
826,3,0,male,43.0,0,0,1
827,3,0,male,28.0,0,0,1
828,3,1,female,27.0,0,0,0
831,3,0,male,42.0,0,0,1
833,3,0,male,30.0,0,0,1
835,3,0,female,27.0,1,0,0
836,3,0,female,25.0,1,0,0
838,3,1,male,29.0,0,0,1
839,3,1,male,21.0,0,0,1
841,3,0,male,20.0,0,0,1
842,3,0,male,48.0,0,0,1
843,3,0,male,17.0,1,0,1
846,3,0,male,34.0,0,0,1
847,3,1,male,26.0,0,0,1
848,3,0,male,22.0,0,0,1
849,3,0,male,33.0,0,0,1
850,3,0,male,31.0,0,0,1
851,3,0,male,29.0,0,0,1
852,3,1,male,4.0,1,1,1
853,3,1,female,1.0,1,1,0
854,3,0,male,49.0,0,0,1
855,3,0,male,33.0,0,0,1
856,3,0,male,19.0,0,0,1
857,3,1,female,27.0,0,2,0
862,3,0,male,23.0,0,0,1
863,3,1,male,32.0,0,0,1
864,3,0,male,27.0,0,0,1
865,3,0,female,20.0,1,0,0
866,3,0,female,21.0,1,0,0
867,3,1,male,32.0,0,0,1
868,3,0,male,17.0,0,0,1
869,3,0,male,21.0,0,0,1
870,3,0,male,30.0,0,0,1
871,3,1,male,21.0,0,0,1
872,3,0,male,33.0,0,0,1
873,3,0,male,22.0,0,0,1
874,3,1,female,4.0,0,1,0
875,3,1,male,39.0,0,1,1
877,3,0,male,18.5,0,0,1
882,3,0,male,34.5,0,0,1
883,3,0,male,44.0,0,0,1
890,3,0,female,22.0,2,0,0
891,3,0,male,26.0,2,0,1
892,3,1,female,4.0,0,2,0
893,3,1,male,29.0,3,1,1
894,3,1,female,26.0,1,1,0
895,3,0,female,1.0,1,1,0
896,3,0,male,18.0,1,1,1
897,3,0,female,36.0,0,2,0
899,3,1,male,25.0,0,0,1
901,3,0,female,37.0,0,0,0
905,3,1,female,22.0,0,0,0
907,3,1,male,26.0,0,0,1
908,3,0,male,29.0,0,0,1
909,3,0,male,29.0,0,0,1
910,3,0,male,22.0,0,0,1
911,3,1,male,22.0,0,0,1
917,3,0,male,32.0,0,0,1
918,3,0,male,34.5,0,0,1
921,3,0,male,36.0,0,0,1
922,3,0,male,39.0,0,0,1
923,3,0,male,24.0,0,0,1
924,3,0,female,25.0,0,0,0
925,3,0,female,45.0,0,0,0
926,3,0,male,36.0,1,0,1
927,3,0,female,30.0,1,0,0
928,3,1,male,20.0,1,0,1
930,3,0,male,28.0,0,0,1
932,3,0,male,30.0,1,0,1
933,3,0,female,26.0,1,0,0
935,3,0,male,20.5,0,0,1
936,3,1,male,27.0,0,0,1
937,3,0,male,51.0,0,0,1
938,3,1,female,23.0,0,0,0
939,3,1,male,32.0,0,0,1
943,3,1,male,24.0,0,0,1
944,3,0,male,22.0,0,0,1
948,3,0,male,29.0,0,0,1
950,3,0,female,30.5,0,0,0
953,3,0,male,35.0,0,0,1
954,3,0,male,33.0,0,0,1
965,3,1,female,15.0,0,0,0
966,3,0,female,35.0,0,0,0
968,3,0,male,24.0,1,0,1
969,3,0,female,19.0,1,0,0
973,3,0,male,55.5,0,0,1
975,3,1,male,21.0,0,0,1
977,3,0,male,24.0,0,0,1
978,3,0,male,21.0,0,0,1
979,3,0,male,28.0,0,0,1
982,3,0,male,25.0,0,0,1
983,3,1,male,6.0,0,1,1
984,3,1,female,27.0,0,1,0
989,3,0,male,34.0,0,0,1
998,3,1,female,24.0,0,0,0
1003,3,0,male,18.0,0,0,1
1004,3,0,male,22.0,0,0,1
1005,3,1,female,15.0,0,0,0
1006,3,1,female,1.0,0,2,0
1007,3,1,male,20.0,1,1,1
1008,3,1,female,19.0,1,1,0
1009,3,0,male,33.0,0,0,1
1014,3,1,male,12.0,1,0,1
1015,3,1,female,14.0,1,0,0
1016,3,0,female,29.0,0,0,0
1017,3,0,male,28.0,0,0,1
1018,3,1,female,18.0,0,0,0
1019,3,1,female,26.0,0,0,0
1020,3,0,male,21.0,0,0,1
1021,3,0,male,41.0,0,0,1
1022,3,1,male,39.0,0,0,1
1023,3,0,male,21.0,0,0,1
1024,3,0,male,28.5,0,0,1
1025,3,1,female,22.0,0,0,0
1026,3,0,male,61.0,0,0,1
1033,3,0,male,23.0,0,0,1
1037,3,1,female,22.0,0,0,0
1040,3,1,male,9.0,0,1,1
1041,3,0,male,28.0,0,0,1
1042,3,0,male,42.0,0,1,1
1044,3,0,female,31.0,0,0,0
1045,3,0,male,28.0,0,0,1
1046,3,1,male,32.0,0,0,1
1047,3,0,male,20.0,0,0,1
1048,3,0,female,23.0,0,0,0
1049,3,0,female,20.0,0,0,0
1050,3,0,male,20.0,0,0,1
1051,3,0,male,16.0,0,0,1
1052,3,1,female,31.0,0,0,0
1054,3,0,male,2.0,3,1,1
1055,3,0,male,6.0,3,1,1
1056,3,0,female,3.0,3,1,0
1057,3,0,female,8.0,3,1,0
1058,3,0,female,29.0,0,4,0
1059,3,0,male,1.0,4,1,1
1060,3,0,male,7.0,4,1,1
1061,3,0,male,2.0,4,1,1
1062,3,0,male,16.0,4,1,1
1063,3,0,male,14.0,4,1,1
1064,3,0,female,41.0,0,5,0
1065,3,0,male,21.0,0,0,1
1066,3,0,male,19.0,0,0,1
1068,3,0,male,32.0,0,0,1
1069,3,0,male,0.75,1,1,1
1070,3,0,female,3.0,1,1,0
1071,3,0,female,26.0,0,2,0
1075,3,0,male,21.0,0,0,1
1076,3,0,male,25.0,0,0,1
1077,3,0,male,22.0,0,0,1
1078,3,1,male,25.0,1,0,1
1083,3,0,male,24.0,0,0,1
1084,3,0,female,28.0,0,0,0
1085,3,0,male,19.0,0,0,1
1087,3,0,male,25.0,1,0,1
1088,3,0,female,18.0,0,0,0
1089,3,1,male,32.0,0,0,1
1091,3,0,male,17.0,0,0,1
1092,3,0,male,24.0,0,0,1
1097,3,0,male,38.0,0,0,1
1098,3,0,male,21.0,0,0,1
1099,3,0,male,10.0,4,1,1
1100,3,0,male,4.0,4,1,1
1101,3,0,male,7.0,4,1,1
1102,3,0,male,2.0,4,1,1
1103,3,0,male,8.0,4,1,1
1104,3,0,female,39.0,0,5,0
1105,3,0,female,22.0,0,0,0
1106,3,0,male,35.0,0,0,1
1110,3,0,male,50.0,1,0,1
1111,3,0,female,47.0,1,0,0
1114,3,0,female,2.0,1,1,0
1115,3,0,male,18.0,1,1,1
1116,3,0,female,41.0,0,2,0
1118,3,0,male,50.0,0,0,1
1119,3,0,male,16.0,0,0,1
1123,3,0,male,25.0,0,0,1
1127,3,0,male,38.5,0,0,1
1129,3,0,male,14.5,8,2,1
1139,3,0,male,24.0,0,0,1
1140,3,1,female,21.0,0,0,0
1141,3,0,male,39.0,0,0,1
1145,3,1,female,1.0,1,1,0
1146,3,1,female,24.0,0,2,0
1147,3,1,female,4.0,1,1,0
1148,3,1,male,25.0,0,0,1
1149,3,0,male,20.0,0,0,1
1150,3,0,male,24.5,0,0,1
1154,3,1,male,29.0,0,0,1
1159,3,0,male,22.0,0,0,1
1161,3,0,male,40.0,0,0,1
1162,3,0,male,21.0,0,0,1
1163,3,1,female,18.0,0,0,0
1164,3,0,male,4.0,3,2,1
1165,3,0,male,10.0,3,2,1
1166,3,0,female,9.0,3,2,0
1167,3,0,female,2.0,3,2,0
1168,3,0,male,40.0,1,4,1
1169,3,0,female,45.0,1,4,0
1175,3,0,male,19.0,0,0,1
1176,3,0,male,30.0,0,0,1
1178,3,0,male,32.0,0,0,1
1180,3,0,male,33.0,0,0,1
1181,3,1,female,23.0,0,0,0
1182,3,0,male,21.0,0,0,1
1183,3,0,male,60.5,0,0,1
1184,3,0,male,19.0,0,0,1
1185,3,0,female,22.0,0,0,0
1186,3,1,male,31.0,0,0,1
1187,3,0,male,27.0,0,0,1
1188,3,0,female,2.0,0,1,0
1189,3,0,female,29.0,1,1,0
1190,3,1,male,16.0,0,0,1
1191,3,1,male,44.0,0,0,1
1192,3,0,male,25.0,0,0,1
1193,3,0,male,74.0,0,0,1
1194,3,1,male,14.0,0,0,1
1195,3,0,male,24.0,0,0,1
1196,3,1,male,25.0,0,0,1
1197,3,0,male,34.0,0,0,1
1198,3,1,male,0.4167,0,1,1
1202,3,1,female,16.0,1,1,0
1206,3,0,male,32.0,0,0,1
1209,3,0,male,30.5,0,0,1
1210,3,0,male,44.0,0,0,1
1212,3,1,male,25.0,0,0,1
1214,3,1,male,7.0,1,1,1
1215,3,1,female,9.0,1,1,0
1216,3,1,female,29.0,0,2,0
1217,3,0,male,36.0,0,0,1
1218,3,1,female,18.0,0,0,0
1219,3,1,female,63.0,0,0,0
1221,3,0,male,11.5,1,1,1
1222,3,0,male,40.5,0,2,1
1223,3,0,female,10.0,0,2,0
1224,3,0,male,36.0,1,1,1
1225,3,0,female,30.0,1,1,0
1227,3,0,male,33.0,0,0,1
1228,3,0,male,28.0,0,0,1
1229,3,0,male,28.0,0,0,1
1230,3,0,male,47.0,0,0,1
1231,3,0,female,18.0,2,0,0
1232,3,0,male,31.0,3,0,1
1233,3,0,male,16.0,2,0,1
1234,3,0,female,31.0,1,0,0
1235,3,1,male,22.0,0,0,1
1236,3,0,male,20.0,0,0,1
1237,3,0,female,14.0,0,0,0
1238,3,0,male,22.0,0,0,1
1239,3,0,male,22.0,0,0,1
1243,3,0,male,32.5,0,0,1
1244,3,1,female,38.0,0,0,0
1245,3,0,male,51.0,0,0,1
1246,3,0,male,18.0,1,0,1
1247,3,0,male,21.0,1,0,1
1248,3,1,female,47.0,1,0,0
1252,3,0,male,28.5,0,0,1
1253,3,0,male,21.0,0,0,1
1254,3,0,male,27.0,0,0,1
1256,3,0,male,36.0,0,0,1
1257,3,0,male,27.0,1,0,1
1258,3,1,female,15.0,1,0,0
1259,3,0,male,45.5,0,0,1
1262,3,0,female,14.5,1,0,0
1264,3,0,male,26.5,0,0,1
1265,3,0,male,27.0,0,0,1
1266,3,0,male,29.0,0,0,1
