DECISION (H/M),YOUR_SCORE,ORIG_INDEX,STRING
human or machine,0.042,0,prpsrppprsprpsprpspsprpspspprsprpsprsprsprpsprsprpspprsprpsprpsprsprpsprpsrpsprpsprpsprsprpsprpsprpsprspprpsrpsprpsprpsprpspppspprspprsprpsprpsprpsprpsprpsprpsprprspppsprpsprpsprpsprprspprspprspprppsprpspprpprpsrsrsrsrppspsprpsrprspsrprspprprspsppspsrpprrppsrpsrprpspprsrpprrspsrpspsrpprpprsprpsrpsrp
human or machine,0.042,1,srpsprspsprsrppsrpsrpsrpsrpsrpsrpsrpsrpsrppspsrpsrpsrpsrpsrpsrpsrpsrppsrprspsrprsprpsrpsrpsrpsrpsrpsrpsrpsrpsrpsrpsprpsrpsrpsrprsprsprspsrpsrpsrprppsrpsrprspsprpsrpsrpsrpsrprssprprsrsppsrrpsrspsppsrprsrpsprspsrpsrprsprsprsrpspprsprspsrprssprrprspsprsprsrpprssrppsrpsrprspsrpsrpsprsppsrprsppsrpsrpsrps
human or machine,0.042,2,pprrpssprsrrsprrsspppsrsspsssspsssprssprrsrrrrprsrsspspssppprssspspprrrssrsrsrpprsrrpsprsrrpspprsspsrrsrrsppsrrsrrsprrrssrpprsssssrsrssrrprrsrpsspppprsppprrprprrssppspppsprpsrrprppspssssrrssrsrppppsrrspprsssppsprsrpsrrrspsppprrrrrsrrsppsrrrsrrrrsrsprpspsprpsprrrsrsrssssrpspssrspprpspspssrsrpsppspsss
human or machine,0.042,3,rssssspssspprrrpspprsspsrrrprspsprssrprrsrrrppsrspppsprsprrssrsspprspsrrrspssprpssssrrrrssrpsrsrprsrpsrsssprrprssrpspprprssrpsprspsrpspsrrprsrrrssrsrrsppprrsrrsrrsrrsrpppppsrsppsrrrpppprsprrsrsrsrprrrpsrrsrprrspppsprprpsrrprprsspprprrrrprpsrsrppssspsppspprsppsprrsrpprpsprpprsrspppsrrspsrrssrpprssprp
human or machine,0.042,4,prsprpsprpsprpsrpsprpsprpsprpsprpsrppsrpsprpsprsprpsprpsrpsprpsprsprpsrpsprpsrpprpsprsprpsrpsprpsprsrprprsprpsrpsrppsprsrpsprpsrpsprsprpsrpsprpsrpsprsprpsprprpsprpsrpspsprpsprspsppsrpsprppsppspsprpsrpprprpprsprpspsppspspssprpprsppspprprsrpsprpsprprprpprsprpsprpsprpsrpsprpsprpsprpsprpsrppsrpsprpsprsp
human or machine,0.042,5,sprsprpsrpsrpsprsprsprpsrpsrpsrpsrpsprsprsprpsrpsprsrsprpsrpsprsprsprpsrpsprsprsprpsprsprpsprsprpsrpsprsprpsprprsrsprpsrspsrprspsrpsrpsprprspsrrspsrpprsprsprsprspsrpsrpsrpsprsprsrpsrpsprpsrpsrpsprpsrpsppspspsprpsrpprprprprprsppspspsprpsrpsprsprsprpsrpsprsprsprsprpsrpsrpsprsprsprpsrpsprsprrpsprsprspr
human or machine,0.042,6,rsprsssssrpppprsprsrpprppsrrrrrssrspssssppprsrsssppprspspssrpprppsrsrsspppsprrrrspsprsprsrprpsprsrppprrpspsrsrrsrprpprssssrpsppprpppsssrrsprrpssppsrpprspppsrsrprrrrrspsprsrrprsrsrrpppspppsprsrprpprprrprspprprrsspsrssrsrsprrspsprrpsrrpsppprppspppsrrrpsprprsprrrspspprssssrrprsppprsrrspssrsspsspssssrrr
human or machine,0.042,7,ppsrsssrpppssrpsrpsssrsrppprpsrrrrpssrrpprsrsppprsprsspsrsrrprrsrsprpsrrsrssrsrrsspppspsprsspspsrspsssssrsppssrspprprssprpprprrssppssrspsrprrssrppssssrrsrrppppsssppsspsrpsrsrpsrrsrssrsrpprprsrrsppppsssrsspsrpprprprprspprpspprpprrprsprpsrprrprspsrppsprssspssrprsprrrprpppsprrspsrssrsppprprsrssrsrssrpr
human or machine,0.042,8,sssrsrsrsrsrsrsssssspppprrprprprprprprprprpprpppspspssspspspspspspsprprprprprprprpppspssspsspsspspsspspspsprrrrrppspspsprprrrprprprprprpppsspspspspspprprprrprprprprprrprpppsspspsrrrprprrprprprppspspspsspsssrsrsrsrsrsrsssssspppprrprprprprprprprprpprpppspspssspspspspspspsprprprprprprprpppspssspsspssps
human or machine,0.042,9,rpsrpspspspspsprprsprsprspsrpsrpspsrprpsrpsrpsrpsrpsrpspsrpsrpsrpsrpsrpsprspsrpsrpsrsrrrrrsprsprsprpspspspspsrprpsrprppsprppsrppsrppsprppsrpsrsrsrssrsrsrsrsrsrrsrsrsprsprpsrpsrpsrpsprsprprpsrpsprpsrpsprsprpsprpsrpsprpsrpsprspprspsrrsppsrspsprpsrpsrpsrrpsspsrpsrpspsrpsrpsrpspspspspsprprsprsprspsrpsrp
human or machine,0.042,10,rsssprssssspprsrsrprpprsppppprspspppsppsrssrppprprppprsppsrprrspprpppssrpspprpsssrrpprrsrpppprrprrsppsspssrprrrpsspsrsrsrprspspspprrsspprrrsssrrspppspprppsprssrppsspspspsrppspprssrpsrssprsrrppspppprprpsssspsprrspsssrrrppsssspspsprrssrrsrpsspsprppssrpsrrsprrsssrrsrsppprrppppppppprpspspsssrrpsssrsrprs
human or machine,0.042,11,psrppsrpsrpsrpsrpsprpspspsppspsrprprpsppsrprpsprprpspsrprppsprprspprpsprpsprpsrpspspsspspsprprprpsprprprpspsprprpspsrpsrpspsprprpsprpsrpsrpsrpsrpsrpspspspsprprprppprpprprpprppsprppsprssrsrsrssssrprpspprprpspsprprpsprprpsppsrprpspsrprpprprprsppsprprpsprrpsrpsprpsprpsrpsprpsrppsrpsrpsrpsrpsprpspspspps
human or machine,0.042,12,ppsprssspsprspsprrpprssrpsprspsrrsrrrpsppspsrrspssprppssrssspsrrssrsssrsppspssrrrssprprspsrpprprrpppppprspsrpsssppspppssppsprspsspsrppssssrpsrrprrsrprrpsrprprppsspprrrpprsssrsssppsrsrrrpsrprpppsspssppsrrrrpprpprspppsppprppsrsprssrpssppprssrprsspsrpsspprrrpsrspssssprssprpppssssrsprspprrrssrrppprppprr
human or machine,0.042,13,rpsprsprpsprpsprpsprpsrpsprpsprpsppsprpsprpsprppsrprspprpsrpsprprpspprprpsprprprprpprspspspsprprpprpsprprpsprprsprppsprprpsrprspsprpsrpsrppsrpsrrpsprpsrprsprpprspsprprpsrpsprpsprpsrpsrpsprprpsrpprprsprpsprsprpsrprprprpsprsprsrspprsprsprspprsprprsprsprpsprsrsprsprsrprpsprpsrpsprpsprsprpsprpsprpsprpsr
human or machine,0.042,14,srssssrrrpsrrpsrrpprsspsprrrrprspsrpsssppsrssrpspprsrprrrrsssrpsrsppppprrpsprrsrrpsppppppsrrrpppprrrrrsppsssprrppppsprpspspsppsrsssprspppprrrsprspssrrssrssrprrssprsppsprsrpprpsssspsppprsrspprppppsrrrpprspppprprsrpsrspspssrsrpsrrpsrrrsssrpsprrrrrrspssrpsssrrrrsprsprssrspprpsrsrprsprpsrpsrrpprprrsrppp
human or machine,0.042,15,rppspspprspsrpprpsrpsprpsrprpsprpspprprpsprpsrpsprpsrpprsprpsprpsprpsrpprrprprsppsprpsrppsrpsprpsprpsprpsrpsrpsprpsprpsprpsprsprpsprpsprpprspprpspsrsrpsprpsrpsprpsprpsssrsrrsprpsprpsrpsprsprsprpsprsrsprpsprpsprpsrpsprppsrpsprsrpspsprsprpsprpsprppsrppspspprspsrpprpsrpsprpsrprpsprpspprprpsprpsrpsprpsr
human or machine,0.042,16,sprpppsrprrsrrpprrrssrsspsprrpsrsprsprpsrrppsrssssprprrpssprssprsrrspppsppsspssrpsrprsrssprsprsrssrppsrrsrsprprrprssprpspssppppsrrpspsrrpprppsrsssrprsspsrsrsppsssprrrssprppppspprpsrrsppsrrsrrprsrpsrpsrprrrsssspsprrrpsrrpssrsprrsspsrsrrspprrrsssspsrrrprprrrrrrsspprprrrpprrsspsprpsspsprssrsprrpsrspsrp
human or machine,0.042,17,sprpsrpsrpsprpsrpsprpsrpsprprspsprpsppsrpprsprppsrpsprpsprsprpsprpsprpsrppsprsprpsprsprpsprpsrpsprpsrpsrpsprpsrpsrpsprpsrpsprpsrpsrpsprpsrpsprpsrpsprprspsprpsppsrpprsprppsrpsprpsprsprpsprpsprpsrppsprsprpsprsprpsprpsrpsprpsrpsrpsprpsrpsrpsprpsrpsprpsrpsrpsprpsrpsprpsrpsprprspsprpsppsrpprsprppsrpsprps
human or machine,0.042,18,psprssrrrpssrsprrpspprpprspspsrsssrprpprpsrpsprsrpprppprsprrrsppprsssspppsrppsppppprpsrpppsssprrprpssrpprpprpsssrssrrspsrprsrrprsprrsppsrsrrprpsppppprssrppprppppsrsrsssrprsrsrpsrpssrrrsrsprrrspprssrspprrsrrprpsrprpsrrprsppsprprsprprrsrspspssrrsrspsrspspspsspprprpprrrpppssrprrrprsrpppsprssrsrssrpspps
human or machine,0.042,19,rpprrprsprrprpppppsprrsrrssrppsrrsssprprrssprprrrrpssrpprsspsppssppsrprsppsrrpppspsprrsrprrrspsrsppsrrrrssrsprprprpsprsssrpsprprssssrpppspsprrrrspprprrrprrpssrsprrpsssrspsprppsprssrspssprsssprrprsrsssrrprrpsprppprrrrsssrsprprsrssprsssppsrsrsssrssrrprrprprrppspsppppssppsssrsspspprspsrpprprrppsssrsrrp
human or machine,0.042,20,sprppsprpsrpsprpsrpsrssprsprsprsprpsrpsrpsrsprpsrpsrpsrpsprsprsprpsrsrsprrspsrsprpsrsprsrpsrssprsprsrpsrpsrsprsrsrpssrsrsprssrsrrsprsrsprrpsprsrpsrpsprsrpsprsprsprsprprrprrrrprprspsppsrsrsrpsrsrrsprssprprspssrrssrsrrsprspspsrpsprpsrsprpsrpsrsrsprsprsrpsprsprsprprssprsprsprsprprssprssprsprssprsprprss
human or machine,0.042,21,prsprsspsrpssrpsrsprssrprsprssrpsrsprspssprssprsrsrpsrspsrsrpsrsrpsrsrspsrsprsspssrpsrsrsprsrsprsrsrpsrspssrsprssprrsprsrpsrspsrsrpsrsrsrpssprsrsrprrpsrsrprsrsrsrprsrsprsrsprsrsrpssrpsrsprssrpsrsrpsrpssrpssrsprsprrsprsrpsrsrspsrsprssrprsrsprsrsrpsrrsprssprsrsprsrsrsprsrsrprrspsrprsrsprssrpssrsprsrsp
human or machine,0.042,22,rppspssrrssrpssspprrpprrrrpssrrsrspsrpsprrrrpspsrssssrsssssssrrpprssrprspprrrpssssrsssprrsprrrrpprpsspsrpprssprppsprrrsrsprprsprpspppprpsrrsprsrrprrpsprspsssprrsrprrssrppsrrrpsprpssrppssppppsrpsrsssspsspssprsrprrprrrppsrsssrspsppspssrsrprrrprsrrsppsrsrsprrpsrrprpsrsrrspsspsrppppppprprsssprrppprrrsss
human or machine,0.042,23,psrsprrpssrpssspspssprsrspsrpprsrrpprpprppsrrsrrspprrspsppssprsppsrsrrssrsrrssspsssssrrpssrrrspppprsrpprsppspsspsspssrrprsrssrprrpsspsrrppprprprrpsrpprrrrssrsrpprppprprspsrrppsrrrspprpsppsrprsrrsppsprpssssrrsrrrsrpsprpspssrpsrprspprrpssprpsrsrrppppsrsprsrsssprpppspspppspppsppsrpssprsrsrrrrrrrssrpppp
human or machine,0.042,24,prprrpsrprpsspspppprrpsspspsprssspprpprprprrpprsspprpsspprsprspppssssprpprrsrpsprprrpprrssspppsrpprssrpsrssrrrprprprssspsrprsppprrppssssprspprsrrssspssrprsrsrrrrsssppsrpprpssspsrsprsrssspsrsrpprprssprsssrprrrrsssrrprrspsprpsrsrrprssrssprssrpssprrppsrsrrssrprrsprrrrprppprprrrppprprrprpprrsssrrsprsrps
human or machine,0.042,25,pprrrrrspspprpsrprpspprpsprpsppsrsprprpspspspppsppprsppprpprrrrrspspprpsrprpspprpsprpsppsrsprprpspspspppsppprsppprpprrrrrspspprpsrprpspprpsprpsppsrsprprpspspspppsppprsppprpprrrrrspspprpsrprpspprpsprpsppsrsprprpspspspppsppprsppprpprrrrrspspprpsrprpspprpsprpsppsrsprprpspspspppsppprsppprpprrrrrspspprps
human or machine,0.042,26,srsprrpprsrprrssrsrrpsspsprpssrpsrsspsspsppprrpspspsrrrrppsprssprpspssrsrprpprprsrprsppspsrpprsrsrpsspsrssrsppprppsssprsspppsspsrrrsssrrsrprsrrssrsrsrpsrpprspssrrprsrrrrprspsprrrrssrpssprpsrsprrpsrspsrppprpsrrspsrrssrprrrrrsrsprrrpssppsppprppsppsppsprssssspprprrrpprsppssrrprpsssspsspprsprpsssrrssrsr
human or machine,0.042,27,rpsprprpsprprprprpprprprpprprprprpprprpprprpsprppsprspprpsprpsprppprspprpsprpsrpssprpsrppsrpsrsrspsprppsrppsrpspsprpsprpsprpprpprsprppsprpspsprsprppsprpsrpsprpsrppsprpsprpsprpsprpspsprppsrpspprpsprpsprppsrpsprpspprppsprpspprsprpsprppsprsprppspsprspsprpspsrpprprppsprpprprpprprprpprpprprpprprprprpprpr
human or machine,0.042,28,srsspssrrspsprssrpspsrrprspssrsrsprsssrssprppsrpppppsppssspprrssrrppspprrssrsspsrsprsrsprssrrssssrsrrppspsssprrrsppprrsrsssrrprrrrrsssrrrsrpprppsprpsrrppprrprspprpprppssrrspsrpprpssrspsppsprsppsssprrsspssrrrrrsrspsprprpssprrrrsspsrrprsprpspprppsrprppsprsprpspsrsppsprsrrrspppsprrprprpprssrpprpprprppr
human or machine,0.042,29,sssssrprpspsrrpspsrrrpppsssrpspsssrrrppppsssrrrpppssrrrpppssssrpppsssssrpsprpsrpspssssppppppprrrrrrppppppssssrpsprsprspsrsprrrrrrrpppppppsssssssrprpspsrrpspsrrrpppsssrpspsssrrrppppsssrrrpppssrrrpppssssrpppsssssrpsprpsrpspssssppppppprrrrrrppppppssssrpsprsprspsrsprrrrrrrpppppppsssssssrprpspsrrpspsrrrp
human or machine,0.042,30,psspppppssrpsprrrspsrrprsppsrppspprssppsrrpsrpsprrrsssrrppsppsrpsssprprpspssrrpssrrppsssppspspssrspsrpssprrrrsrsssrrspsprprssssprrrpsprppprsrpspprpprrrprrrsssprppsrrsppsssrpssrpsrrrrrrsrsssspprprpspspprssprrsspprrsprssssrsrprrppprrrrsppsrsrprprsrrprppspspsppssrssprspprsprsssrrprrsrrpsppsrprrsrprrrsp
human or machine,0.042,31,rpsprpsrpsprprspprpsrpsprpprprpspsrpsrpsprsprprsppsrpsrprsprspsrpsrprspsrpsrprsprspsrpsprpsrprpsrpsrpsrpsrprspsrpsrpsrpsrpsprprspsrpsrpsrprspsrpsrprsprspsrpsrpsrppsrpsrpsrprspsrpsrprspsrpsrprspsprspsrprsprsrspsrprspsrppsrpsrpsrpsrprspsrpsrprsprsrspprsprssrpsrppsrprspsrpsrprspsrpsprpsrrpprssprsprsrps
human or machine,0.042,32,srpsprrrsspprrrrsrspspprprpsprsprsrrpprsrspprprprrpppsppppppsrpppssrrrrsspsrpprpsrsrssrrprsrsrrprrpsssprrrppsspssprspprsprrrppprrrppsrpsspprsrrsssprprsppprspsppssppspssrssrsrrpppsppprrprpsrrsssrrrrppsppprrprsrsppppssssssrsrprprsrrrssrpsppsrppppsprrrssrpspppspppspprrpppspsrrrsssrprprsssprrppprrrpsrpp
human or machine,0.042,33,prrsppprprprrspssrsspprsrrpppsrsrrsrpsrrrsssrsprsrrrprsprsrppppspprrrpsprsprrssppprpsprrssprrrppssrsssrsrspprrspssprrsrpssssrsrrppsssrssprpssrsssspprrsppsrpprssppsrsppspsssssssrsrpsrpsprrprssprrspsrsrsprpprsrppssssppprrsspsrpsprsrrrsspppssppprrrsspsssrppsrsrrssrpsrrsrpprrpprrrpsrpprrsspppspspppspsss
human or machine,0.042,34,rsrrsprspsrpsrprpsrpspsprppsrpsrpsrpsrpsrprsprspsrpsrpsrsrpsrpsrpsrpsprsprsprpssprpsrpsprpsrpsprsprsprpsprspsrpsprsprpsrpsprsprpsrpsprpsrpsprsprpsprsprpsrpsprpsprspsprsprprspprrprprprppspsprpsprpsprsprpsprpsprpsrpsprprsprpsprsprpsprpsrpsprrpsrprpprsprsprsrrsrsrspssprsrprspsrprprspsrprrpsrsprsprspsrp
human or machine,0.042,35,psprsrpspssrsssrssrrsrrrrrprssrppprpprssspsrprrrspsprspprrsprspppsprsrsppspsrpprprpsssrpssrsrsprrsprsprppprsprrrrrrprprrrpprsprspsrpppprrprppppprprrrrpsrsrsrpprssppsrrspsppprpprrsrrpsspsssspprrssrsrrsrrpssrrprppprrpprpprppsprprsrprpsrspspsrsrpppssprrprrpssprspsssppprssprrsprrpsrrrpspsprprsrrsrpspsps
human or machine,0.042,36,sprsprspsprsprsprsprsrsprsprsprsprsprsprsprsprssrprsprsprsprsprsprsprspsprsprsprsprsrsprsprsprsprsprsprsprsprssrprsprsprsprsprsprsprspsprsprsprsprsrsprsprsprsprsprsprsprsprssrprsprsprsprsprsprsprspsprsprsprsprsrsprsprsprsprsprsprsprsprssrprsprsprsprsprsprsprspsprsprsprsprsrsprsprsprsprsprsprsprsprss
human or machine,0.042,37,srpsprpspprpsprpsprpsprppsrpspprpspppsprpsprpsprpsprpsprsppprspprpspprpssprpsprpsprprpsprpsrpsprpsrpsprpsprpsrpsprpsrpsprpsprpsprpsrpsprpsprpsprpprprpsprpsprpsprpsprpsprpsprpsrsprspprsprsprrpsprpsrpsprpspprpsprpsprpsprppsrpspprpspppsprpsprpsprpsprpsprsppprspprpspprpssprpsprpsprprpsprpsrpsprpsrpsprps
human or machine,0.042,38,spprppsprpsprpppsprsppprrpsprpsrsrrsprsrrsrsprpsrssrrrspsprpsprpprpsrrssrprsrrprssprpspprpsrsrprppsprpspppsrsrrsrspsprpsprpsprppsrprpsprpssprprsprprspsrpsrpsprprspsprpsprpsprpsprpsrprspprrpspprpsrpsprppsrprpspprppsprpsprpppsprsppprrpsprpsrsrrsprsrrsrsprpsrssrrrspsprpsprpprpsrrssrprsrrprssprpspprpsrs
human or machine,0.042,39,sppprrsrprssprprprssprrsrspprprpssspssrprrssrrprpsprpppsrrrrpprpsrrrrrrsspsrsrspsssrrrprpsspsssrprppprpppprrrpprsrprsppsprrprrprpsssrsrpsrrrrsspsspssspsrsspsprppprrrspsprrprrrpspppsprpspsrpprsprrspprsssrrpssprsrrrppprpppspssrpprpspppprsrpprrsspppprrsprrppsrpssssrpsrrpspppsrprsrspprrrssprpprsssprppsp
human or machine,0.042,40,spsrpsrsrpspspsprspspspspspsrpsrpspspsrpsrpspspsrpsrpsrprpspssssprprprprprprprrprprppspspsprprrpprrpssrsprsprsppspspspspsprpspsrpsrpspsrpspspsrsprsprpsrprspsrpsrpsrpspsrpspsrpsrpsrpspspsrpsrpsrpsrpsrpspspsprsprsprprpsrpspsppsrppppspsppsrpsprpspsprpsrprprprpsrpprpprpspspsprpsrpsrpsrpsrpsrpsrpsrpspsrp
human or machine,0.042,41,psrpsprpsrpsrpsprpsrpsrprpsprspssppspsprprpsprprrprprprrrprpspspsprpsprrprprpspsssrrpspsrprprprpsprpsrpprsspsrpsprsrsprpsrpsrpsrpsprsprsprprsprsprpsrprprsprsprpsrpsrpprsprsprpsprpsrppsrsssprprpsprprpsprpsrpsprpsprpsprpsrpsrpsprpsrpsrpsprpsrpsprsprpsprsprpsrpsrpsprpsrpsrpsprpsrpsrpsprpsrpsrprpsprspss
human or machine,0.042,42,rrrrrrrrrrrrrrrrrrrrrrrrrrrrrrrrrrrrrrrrrrrrrrrrrrrrrrrrrrrrrrrrrrrrrrrrrrrrrrrrrrrrrrrrrrrrrrrrrrrrrrrrrrrrrrrrrrrrrrrrrrrrrrrrrrrrrrrrrrrrrrrrrrrrrrrrrrrrrrrrrrrrrrrrrrrrrrrrrrrrrrrrrrrrrrrrrrrrrrrrrrrrrrrrrrrrrrrrrrrrrrrrrrrrrrrrrrrrrrrrrrrrrrrrrrrrrrrrrrrrrrrrrrrrrrrrrrrrrrrrrrrrrrrrrrrrrrrrrrrr
human or machine,0.042,43,rpsrpsprsprpsprprsprpspprpsprsprpsrpsprsprsprsrsprprsprsprsprsprsprsrpsrpsprppsrpprsrpsrsrspprspprprpsprrpsrpsrpsrsprpsrsrsprpsrpsrpsppsrpsprsprpspsrrsrrspprsprpsprsprpsprsprpsrpsrpspsrpsrpspspsrpsprsprspsrpsprpspssrprpprspsrsrsrrssrprsprsprsprsprsprsprsprspsrprsprssrsrsrspsrpsrsprsrpsrpsprsprsprspr
human or machine,0.042,44,rspsrpprspprpprspppppppppppsrprspsrpsrprsppsrprpsrpppspspsprprpprspsrpsprpsrppsprpspprppsrprppsrprsprprpsprpsppsspspprsprpsrpsprpsprpsrpsrpsprpsprpsprprprprprsprpprprsprspprprpprprsprprpsprpsrprpprprpsrpprprspprsprprpsprprpsprspsprpsprprsprppsrprsprpspprsprsprsprpsprpsprpprsprpprsprpprprpsprppsrrrsr
human or machine,0.042,45,prsprsssppprrrprrpsrsspsssspspsprsrrprsrppsrspprprsrprsspsrrppprppprsrsrpppsrsrrsprsrrprrppsprpprprrrpprpssrprrppprprrpprpsrspppprsrrprprspprssrprppspppppsrsrsrsrrpssrrpsprsrrprpprppspsrsrsrpsrsrsssssrprrrrpppspsrprsrrrsspppprrsrspsssprrsrsssspppsssrrsrrprpsssprssssrpsrsrsppspsrsssrsspsppssssppssppp
human or machine,0.042,46,rrsrpsrrssssrprprsrpssrrpprppsrsrrpsrrrppspssrspspprrsspprppppppssprpspssprspsprsprspsrprprppsprrsrrprpsrrpsspprppprprppprspssssrrssppsrssssprsrpprsrpsppsrssrpspsrrppprpsprprppssrppspppspprspppppssprssppsppssrrpspprpsssprsrrsprpsprssrpsssssprprrsrrppppspsspprrsrpsprpsrprrsrprsprpprprrsprspprsrspsrps
human or machine,0.042,47,rpsrpsrprsrsprsprsprsprspsrpsrpsrpsrpsrrpsrprsprsprssrpsrpsrpsrpsrpsrprspsrprspsrsrprspsrprspsrpsrspssrsprpprsrspppsrsprsspsprpsrppppprpprspspsssssrsrpsrpsrpsprppsprpsrprrprprprpsppsprpsrrrrrprsppppspspspsppspsssssrsrppppprsppsprpsppspprpspppsrpspspspspspsrprpsprsprsprpsrpspsssssprpprppppspsprpsrpsp
human or machine,0.042,48,rsspppsssrsrpprspprprrpprpssrprrprprsrssrrrpssprsppsspsprsspppsprsppssrsrrrpspppsrprrsrssprrrrsrprrprsprssspppsrsrpsprrssprppssrsrsprprpprpsssrrrsspprsrrprrrsrpprpsssrpprspprrrpspsrprrpspprsrpprpprpsssppsrsrrrpprppsrrsrsrspsrrspspprrrrsrrrpssrpsrprpssrsrrrsrrrpsrrspsrpsrssssprssprsrrprpprsspppppprss
human or machine,0.042,49,pspsprpsrpsprpsrpsrpsrprsprpsprppsrpsprsprrprpprprpsrpspspspsrpsprpsrpsrpsrppsspsrpsprsspsrrsrrpsrprspsrprspsrpprsprpsrpsprpprpsrpsprpsrpprpppsrppsrpsrpsrprsrsrrpsprpsrprprpsprspsprsprpsprsprprprprpspsprspsrpsrpsrpprspsrpsrpsprpsrppsrpsrpsrpspspsprprspprsprpsprpsrpsprpsprprspprsprpsrpspprspsssrpsprp
human or machine,0.042,50,pspspspspssrrrsrssrsrsssssspppprprprrprpppsssssrrrrrrssspspspspspspspsspsrrrrrprprppprrrrprpssssspspspspspspssrrrsrssrsrsssssspppprprprrprpppsssssrrrrrrssspspspspspspspsspsrrrrrprprppprrrrprpssssspspspspspspssrrrsrssrsrsssssspppprprprrprpppsssssrrrrrrssspspspspspspspsspsrrrrrprprppprrrrprpssssspspsp
human or machine,0.042,51,rpsrrprpsprprrppprprrppppsrpsppsrrprsrpprpsrssppsrsrpsppspsssrprprrrpprsprppsrsrprsrsssprspprssssprrsrprrrspppssrssprrrprpssrsrspsprpssrrsppspspprssrpssspsrrppsspprrssrppprrpprrrpppppsrrsssrrrrrpsprprrpspsprrpspssppsprspprprppssrrrpspssrpsrrrpsprpssppsrprsrspsspspsspsssspprrrspsrprrsspsrpsrpprrppprp
human or machine,0.042,52,rpsprrsrprsrpssprpprpppsrsssrrrpssspssspspsrrrspsprsspprrrrsrpsssrssppprsrrrrppsppssppspsssspsssrrssprrspsspprrssrpprrssrsrrprssppsrspsspprpsspssrprrspssrpsrprsrrrrsrsssrrprprsrrpprpsrpppssrpsrsprsppprpsppprrsrssprppssrrpprssspspsrsrrrspspsprprsprrppspspssspprprrssprsprspprrrpppprpprrsrrprppsprprsps
human or machine,0.042,53,srpprrpsrsrrssssprsrrrprrpsrprrsrsspspsppprprprpsrrpsssprrprprrppspppppssspsrrrsprpsrpsspssrrssppppsrprssppprrpspprsprsrrpsssspppssppsrrsspprpssprrrrrspsrrpppprsrsrrrrppprsssrsssprrrrpprrpppppsssrspprprrsppsrpspsrprppspprrpssrrpppsssrpppsspspprrssrrsssrrsrrrssrrssprspprsrrpssspssrspsprppsrsprpssrspr
human or machine,0.042,54,sprsprsprsrpsrpsrsprsprsprsprsprsprpsprsprpsppsrpsprpsprsppsprpsprsprpsprpsrpsprpsprpsprpsprpsprssrpsprpsrpsprpsprpsrpsprsprsprsprsprsprsprsprsrpsrpsrsprsprsprsprsprsprpsprsprpsppsrpsprpsprsppsprpsprsprpsprpsrpsprpsprpsprpsprpsprssrpsprpsrpsprpsprpsrpsprsprsprsprsprsprsprsprsrpsrpsrsprsprsprsprsprsp
human or machine,0.042,55,psprppsprpsppssrrsppprprrpppprrpprrpprrpppssppsppsrrpssrsprpspppprssssspppsspppspprrrrprppssppprrsrspsprpsrssprsppsrpssprspppprppprrppppssrrprsppssrprssrprppssrssrrrssrpppprpprrsrspspssrrsrpprrpsrpprssprsspprssssrprppssrsrprpspspprrppprrrrsppspssprrrrrppppspspsprppppsprpsrrssprrsrprsssspprssrprprsrr
human or machine,0.042,56,rrrppppprsssrpspsssrpppsssrspspspsrrrrpppsssrpppssssssrrrrppprsssrrrpppsssrppppsssrpppprspsssrpsssssrrrrrrppppprsssrpspsssrpppsssrspspspsrrrrpppsssrpppssssssrrrrppprsssrrrpppsssrppppsssrpppprspsssrpsssssrrrrrrppppprsssrpspsssrpppsssrspspspsrrrrpppsssrpppssssssrrrrppprsssrrrpppsssrppppsssrpppprspsssr
human or machine,0.042,57,ppspssprprssrsprppssprssprspprrpppsprrrrssspsrrsssrpppsrsrrrpsprsprpprpssrsspprsrrsrpspsrprrprpsprsrsrrssrrppppppsrrrsprsrsssrspsrssrpsspssrssrsppprprrsspsrpssprsssprsssprsssssprrsrrrprrpprpsrspssssrrrsprrsspsrrrsspssrppprsprssprrsrsrssrpppsrrrsrprpprrrpsrpsspprrppprspsrsrsrspppsrrrrpspssrrpspppprsr
human or machine,0.042,58,rpsprsprpsprpsrpsprpsprpsrpsprpsprpsprsppsprpsrsprsrrsrsrsrpsrsrpsrsrsrpsrpsrpsrsrsrrrrrsrsrpsrsrsprpsrsrpsprppsrpsprpsrpsrpsrsrsrsprsrsssssssspspsprppsrpprspsrpprsppsrpspprrprprpsrrsprsrrssrrprpsprprprrprpppppppppprssrprpsrpsrsrsprsrsrsrsrsrsrrrrpsrsprpsppprsprsprpsprpsprsprpsprpsrpsprpsprpsrpsprps
human or machine,0.042,59,rrpsprpsprpsprsprsprpsrpsprpsrpsprpsrpsrpsprpsrpsprpsrpsprpsrpsprpsprsprpsprsprpsprsprpsprpsrpsprpsrpsprpsrpsprpsrpsprpsrpsprpsprpsrpsprpsprsprpsprpsrpsprsprpsrpsrpsprsprpsrpsprpsrpsprpsrpsprpsrpsprpsrpsprpsrpsprsprpsprsprpsrpsprpsprpsrpsprpsrpsprpsprprprpsprpsprpsprpsrprrppsprrpsprpsprpsprsprsprpsr
human or machine,0.042,60,rpsprspsrpsrrpsprspsrpsrpspspspssprsprprprprprprprrpprpsrpsrpsprsprpsrpsrpsrpsrpsrpsrpsrpsrpsrpsrpsrpspsrprprsprsprsprsprsprpsrpsrpsrpsrpsrsprsprpspspspsprsprpsprprprprpspsrpprpsrppsrppsrpsrpsrpsrpspspsprprpsrpspsprspsrprpsrpsrpsprsppsprpsrpsrpsrpsrpsrpsrpsrpsrpsrsssssrprssprsrpsrpsrpsrpsrpsprspsrps
human or machine,0.042,61,psrrssprrssrsssssppprpprprssrsrrssrsrpsrprspsspprsprsspprssprrpspsrprsrprsppppssssrrsprrrrsrpprpsspspsrrrsrssrspppsppsrpsrsrrrssspsrsrprssspsppsssspssspspsspssssrrrspprpprrppsrpspsspsrssrsppprpsrprsrrsrppppssrrrssrsrrssprprprppssprrssrprprpsrrpprspspsrpspsspsrpprsrrprsrpssrssrpssssrrpsrprprrsppprpsp
human or machine,0.042,62,prpsprsppprsssrrssrpprpsspsspprssprprssrpprrspsrrsrrrssppppprsrpspprrsrpsspsrrrpsprspprssprpsprprrsrppssprsrrpprsrssrspsrsprpsprrppssrsrrpprssspspsppsprspsrsspsrrrppppssrrrrrsprsrprsrpsrsrspsprspppsrssrsrsrsprssrpspsrrpsprrsrsssssrssprssspprrpppspprsssprpssrrrsssssrppspppsppssrsrsrpssrssprrsppprrprp
human or machine,0.042,63,prspppprsssrpsssrspprsrpspppprprsrprrrppsrspppppspprspsrssrpssrrsprrprpssrpsspsppprppspsspssrrsprsprprprssrssprrssspssprspppsprsspsrppssrrrsrrrsrsssppspssrpppsrsrpprpspprpprrpsppsrprssrrrsssrsspsrprpppssprsprsrspppsprrsrssprsprpprrrppspsspsrsppsppsspsrprpssrppsrrrrspsrppsprprspsrppsrsrrprrpsrsssrsps
human or machine,0.042,64,ssssssssssrsrsrsrsrsrsrsrsrsrsrsrsrsrsrrsrsrsrsrsrsrsrprprprprprprprprprprprprprpspspspsprpsprpsprpsprpsprpsprpprprprprpprprprpprprprprpprprprprprprprprprprprprprprprprprprprprprprprpssssssssssssssssssssssssssrsrsrsrsrsrsrsrsrsrsrsrsrsrsrrsrsrsrsrsrsrsrprprprprprprprprprprprprprpspspspsprpsprpsprpsp
human or machine,0.042,65,prppppppsrpsspsrppssrpsrrrsrpprrsrpppsrsrrprrprssrrprsssssrrpssprsssprppsppprrsrsssrpssrrsprsrrrrrsrsprpsspssrrspprppprpprrsrsrrpsrsssssrsspppprppspsssprpprprprsrspsrrrrpspprprssppsssrprsrpssspssrsprrprpsrprsspsrssppssrrspsprrsprprprrpppsrrprprrrsssppssrrspprssssrrpspspsssspsppssprrprpprsprspspsssss
human or machine,0.042,66,prsrpsppprrprrrrppprsrrpsrpssppspsppsprsrpsrppprprpsrprrsssprpsrppprrpprpsrpsspprpsrppsppssrrrpspsrsspprrsrsrssrpssrppssrrprpppsrrprppspprrrsrpssprsrssrpsssrrrprrrpspprpsprsppssprrssppppppsrrsppsrrrrprprsprsrrppspsprssrspssppppsrpsrpprrsrrpppssrprrsppspsspspppssrssrpsprppsprsspssprppsrrrrpssrrpsrsps
human or machine,0.042,67,rsprsssrrpprsprpsprprrprsrssprrpsprsrpsrsrrsrrrpppspsrpsrsrprrppsrspprprsrrrrrrrpsrrpssssppsrsrrsrsppspsrssrpprpsppprppprrprsrsrppsssspspsspsrppsrpsrsrrspprsssrrprrrssrrrprrssrrssrrsrrrsrprppprrppssssprsppsrprrrsrsrpsrppsspsprsprsrssrsrrsppspssrsprsrpsrpssrsspsprrprssrpprrsprprrsrrrrpsrsrppsrspsrrsp
human or machine,0.042,68,sprpsrpsprsprpsrpsrprpprpsppsrpsrpsprpsrpsprsprpsrprpsprsprprspprpsrprsprsprrspsrpsrprspsrpsrpsrprpsrprprsprpsrprpsrpprpspppsprpsrpsprrspprsprprspsrprprpsprsprpsrpsprsprpsrpsrprpprpsppsrpsrpsprpsrpsprsprpsrprpsprsprprspprpsrprsprsprrspsrpsrprspsrpsrpsrprpsrprprsprpsrprpsrpprpspppsprpsrpsprrspprsprpr
human or machine,0.042,69,prpsrprspprprsppsrpsrpspprspsprsprpprpsprpsrpppsrpsppsrppsprspprspsrprspsrprspspppsrppsprsprspspprsprspprprsprsprsprpsrsprsprpsprsprsprsprpsprsprsppsrprpsprppppprpprpprprprpsrprppspspprpsprpprppsprpsppppsprppsprprsppsrprsprpsrprprpsrrspprsprprsprprsprpspprpsrpsprprprppprpprrpprspprprprppsrprprprprsp
human or machine,0.042,70,rssppprssrprrprrrprssppsprpsrrrsssprpprpppspspprrprpprsssprsprprsssprsrrsrsssprrssprpsprsrpsspsrrssppssppppspprprpssppprrpsssrspppsppprpspsrsprprrssrrrsssrpppsprssppppsrsrrprsprpprrpsrsrrrppppprsssppsssprrsrprssspprprssrpssspssrrprpprsrppsssspprsssssrrsprpssspssppprpprpprrrprrspssrppssrsrppspspprrrp
human or machine,0.042,71,srpsrprsprsprspsprprspsrpsprprpprpsrpsprpsprpsrppsprpsrpsprpsprpsprpsprpsprppspsrppsrpsprpsprsprpspprpsrprpspsrpsrppsrprspsprspsrprspsprpsrpsrprspsrppsprprpsrpsprpsprpsprpsprpsprpsprpsppsrpsprpsprpsprpsprprspsprpspsrppsrpsprpsprpsppsrprspsrpspsrprpsrpppsrpsrpsrpsrpsprpsrpsrpprsprsppsrpsrpsrppsrprsps
human or machine,0.042,72,sprpprsrspppsrsprsspsprpsrppppprpprspspsssssrsrpsrpsrpsprppsprpsrprrprprprpsppsprpsrrrrrprsppppspspspsppspsssssrsrppppprsppsprpsppspprpspppsrpspspspspspsrprpsprsprsprpsrpspsssssprpprppppspsprpsrpspppsrpsppspsprpsrpspppspsprpsprpspspspspsprpsrpsprprsprspspspsppspsppspsprpsrpsrpsrpsrspssrsprpprsrsppps
human or machine,0.042,73,spprprppsrspsrspspsprssppssrsrrsrsspssrsrspsrpsrsrpsrsrsprpspppssrprsprpsprpsprpspprprppsrspsrspspsprssppssrsrrsrsspssrsrspsrpsrsrpsrsrsprpspppssrprsprpsprpsprpspprprppsrspsrspspsprssppssrsrrsrsspssrsrspsrpsrsrpsrsrsprpspppssrprsprpsprpsprpspprprppsrspsrspspsprssppssrsrrsrsspssrsrspsrpsrsrpsrsrsprps
human or machine,0.042,74,rpppppprppssssrpsrrssssppsprrsrprrrrrsrrspssrssrsrrrppprrsppsspspssrrrsspsrrrpsprsrrrrprrsrsrspprrprpsrrppsrppppprsrrsspsrrpppsssrsrrsrsprrrsspsppssssppsssppsssssssprssrpssssrsssrpsssrssssrsssssrpprrpsprsprpprsrspsssrsssrsppspssrsrsrppsprrsssrpsrppspppprprrpssprsrsprssrsrrspsprpprrsrsprssssprpprrsrp
human or machine,0.042,75,pppppppppppppppppppppppppppppppppppppppppppppppppsssssssssssssssssssssssssssssssssssssssssssssssssssssssssssssssssssssssssssssssrsrsrrsrsrsrrrpppppppppppppppppppppppppppppppppppppppppppppppppppppppppppppppppppsssssssssssssssssssssssssssssssssssssssssssssssssssssssssssssssssssssssssssssssrsrsrrsrsrsr
human or machine,0.042,76,rprrspprspsppspsrppprprrsrprprsrpsprrrsppsrsspppspsprpprpprprsrppssppsppsppprsrrrrsspprrrsppsrssppsppsrsrrrssssrssrsrsrspprrsrsspprspsspprspprprsprsrrpsrppsprrsrsrrrsppsrssrprrrprrsssrpppppprrrpssrrpspprrrssrpsrsprppsssspspspppsssssrsprssrprsprrrrprpsprsssppsrppssprprsssrpssrprpsrpssssrrpssssprrsrsp
human or machine,0.042,77,ssrprrspsrpprsrsrprprrrspssprsprspprspsrspsrpsrpsrpsrpprspsrppsrpsrpsprppprsrsprpsrpsprpsrppsrprpprpsprpsrpsprpsrprpsrrsrsprpsrpsprsrspsrsssrsrspprsprspprppprsrssrprppsrsprsrpsrpsrprsprsprsprsprsprpsrpsrpsrprspsrpsrspprssprprrpsssprrppprsrspsrsrsprprssrprrspsrpprsrsrprprrrspssprsprspprspsrspsrpsrpsr
human or machine,0.042,78,ssrrppprsrssppssrrssprprpsspsssssprppsspprpspspppprssprpppsrrssspssppprssspsssprrrssrsrrrsrprssrsrrrrpsprrsrrsrsrsppspprrssppsrsrsprsspsrsrrprrsprpsrrrprpprrssspprppsrssppprppssrspssssrprsppprrsssprppprprssrprrrsrsssprprrpsrsrsrspsssrrrsppppprrprsssssrrppsrsrpsrrrsrsspsrrrpprrrsrssrrrsspsrspsrspssrr
human or machine,0.042,79,srpsrrrrrsprsrssrrpsrsrpprrprsssrrssppprprrprrpssppsspsssprppspssppprsppsspprpsssrrpppprprsrsspsprprpspprrpprrpsssrpppsrpsprrrprrrppsrsrpprrrspsrprssprsrssrssssssrrsprsrrsrrrsprrsssrrrrsprrsrsrrrrsprssrrssrpprprrspsrprrrpppsprppsprrrspspprsprsrspsrsrrprspppsrpprsrpsprpsrsprpssppsrrrrprppssrsrrrppsrs
human or machine,0.042,80,sprppsrpprprpsrpsprprpsprsprsprsprpsrpsprpsrpsrpsprsprsprpsrpsrpsrprprsprsprsprsprpsrpsrpsrpsprspsprpsrpsrprspsrrpsrpsrsprsprpsprssrprsprsprpsrsprspsrprsprssrprsprsrpssrpsrpsrprsrprsprsprsprsrsprsprsprsprsprsprsrsprsprsprsprsprspsprsprsprsprsprspsrprspsrprspprspprspprsrsprsprsprsprsprsprspsrpsrpprsp
human or machine,0.042,81,ssprsssppprrspprrrsppssrspsspsrssrssrrsrpppppsppssrprrpprssprprrrssrpssprsspsppspprppsspssspssprsrrsspprssrprrsrspsspssrsrprrprrrrpssppprrrrpprrrspsprrpsrspspsrssssrrrsspprrrrsprsrrppsrprsrpsprpssrpsrsprssrprrrrpsssprpsrsspsprppprsprspssprrspprrrpssrrsrrrpprssprpsprpsrrrpssrrsspsppsprpprprrrsrsssrps
human or machine,0.042,82,ssprrsrssrrpprrrrssrprrrppppsprprrrssprspsrprprsrpssprsrsrspprsprsppsprprprsssrrpppprsssspprrsrrssspssrrrpsrprrpsrprpsppprrssrpsspspsspsssprrsprrspsppspsrpsprpsrprppssprrrrrsrrrsprrrpprprsrspppprrsrrrrsrspsssprspppspsrppssppsssprpppprrrsrrprpssprpprpsrprsprspprsrrssrssrppsprrprsrrprrrpsrprpsppsprppp
human or machine,0.042,83,ssprpsppsrpspsprsrsssrrrrprprpprpprsprrpsrpssrprssrrppspssrrssrsrprrssprrrrrppsrrsrprrsrprpprprsprrpprrspsrrrrrsrsssspssrppssrrrspsssprprpsprssprpprprrssprrsrpspppppsrpsssssrsrrrrrppsppsprpsrppsrrpppssssprpssrpspprspsrrrpssrsssrssprprsprppsppsrsrrprrrrprsprpprsspsrpprrrprsrrrpsprrssrrpsprsrsrspprsss
human or machine,0.042,84,psprrpsssprprrrrssrrprpprsrsspsrssprprrspsrsrrrprrppprprrrpsrrsprpspspprrpssprpsprrprrsprsrprsrprrrsrppppspssrrrppppsrsrrssppsrprpsprrsrspsppsrprsrprprspssppssrrsrssssrpspppspssssrprsssprrpprsrspppsssrpsrrpsrrprpppppsrrrsprrpsppssspprssrspprrpssprssspsrprrppppsprprrpsrsrprsspspsprpprpsrrsrppspprprsr
human or machine,0.042,85,pprpprspppsrssrsrsrsrrrrsrrsprpssrspsrprprpspprprrsrsrsrsprspssspssrsppspprprpsrspppssppprpprppprrsrpsspprprsprrrsrssssrrpssrpsrpspprsprssspsspspssrrsrprprsssrssrpppsprrsspssrrssssspppprppsrrsrppssrspsrrsspsrprrprpsrrrrsprpsprpsssrsppsrrpspspsrpsssspsrrrpssrrrppspsrsprspprrsspspssssppprrrpssrrrprspp
human or machine,0.042,86,prpsprpsrpppsrpsppsrppsprspprspsrprspsrprspspppsrppsprsprspspprsprspprprsprsprsprpsrsprsprpsprsprsprsprpsprsprsppsrprpsprppppprpprpprprprpsrprppspspprpsprpprppsprpsppppsprppsprprsppsrprsprpsrprprpsrrspprsprprsprprsprpspprpsrpsprprprppprpprrpprspprprprppsrprprprprspprsprprsprspsrpsrppsrprprsprspsrprs
human or machine,0.042,87,spsprprprprppspspspsprpsprprprpspprrpspssrsrsspssrsprprsrsprrpsprpsprpspprpsprprpppspspssppssrsrsrssrsrssppspsspssrsrsrrsrsrsspsppssppsspspspspssrrsrsrsrsrsspspsppsspsrprprpspsprppsprpsprpsppsspsprprprprppspspspsprpsprprprpspprrpspssrsrsspssrsprprsrsprrpsprpsprpspprpsprprpppspspssppssrsrsrssrsrsspps
human or machine,0.042,88,rpsrpspprpprprprsssrpsrpsppsrprspsrpsrprprpsrpsrprprprsprsprprpsrpsrprpsrpsrprsprpprpsrpsrpsrpsprprprsprpsrpsrpsrprpsprpsspsspspspspsrprprsprprprpsprpspsprpsprpprrrpsrpsrpsprpsrpssspssssprprrrpsprrprprprsprsrsrsrsrsprsprprsprsprpspsrpsprsprprprsprpsrpsrrsrsppsrprsprprpsrpspprpprprprsssrpsrpsppsrprsp
human or machine,0.042,89,prsrrsrpsprsprsrpsrprssrpssrpsprpsrpssppspsprprprpsppsprsprpsrprppsrpsprpsppspsprprprppsprsprpsprprpsrpsprpsprpsppsprpsprprprpprpsppppsprpsprsprrprsprprrpsprspprspprpsprsprpsrsprspspssssssrrpprpsrpsprsprpsrprpspssprpsrpsprsprpsprsprrpsrppspsrssrpsprspsprsrrsrpsprsprsrpsrprssrpssrpsprpsrpssppspsprprp
human or machine,0.042,90,srsprppssrrssrprpsprrssrsprpppsprpsrsssssppssrsrprsppprrpppsssrsppsrrppsrprrssrprprsrpprrrspsprsrspprrspsspppprrrrsssprsrrpspssppprppssrprpsrrrssrpssrsrprpprrpppsrsrsrrrrsrpsrspprprspspsrssprprppprrpprspprrsssrpssssspprspsrrprpssrspsrsprssrsppprprrsssrrpprrsrrrpprrsssppppprpprppssssrsrsspsrrrsssprrs
human or machine,0.042,91,psprpsprpsprspprpspsprpsprpsprpsprpsprsrppsrpsprpsprpsprrsppsrpsprsprppsprppsrpsprpsprpsprpsprspprsrppsprpsprpsprpsprpsprpsprprprprpspsprpsrpspprpsrpsprpsprpsprppsrpsprppspprpsprpsprpsprpsprpsrpsprpsprpsprprsprpsprpsrpsprsprspsprpsprpsprpsprpsprprsprpsprpspprpsrppsrppsprpsprpsprpsprspspsrppsprpsprps
human or machine,0.042,92,rrprpprrpppsppsrrprpsrrrsrppssrrsssrrpppsprpsrssrpppsprssrpprrssrppprppsrsppppsrppsprsprprprsrsrrpspsrssrrpppsrrspsssrsrpspsspssspspsspssssrrsssrsrrsrsrrrprppprsrrrpssspppssprrpppprsssrsrpsspssppprssrsspprrspprrrsrprppsrrsssrrspsprssspsspsrpspsprpsppssspssrsrprpsrrsrrsrrrsrssrspprprssrsssppppsrprprp
human or machine,0.042,93,pprpsprpspprpprpspsrpspprsprpspsprsprpsprspprssppsrpprsppsrprprsppspprpspsppsprspsprspsprpsprpsrpprspspsprpsprppsrppsrpprspsprsppsrprspprspsrprprspppsrpprsppspprsppsprpprsssssssssssssssssppsrspprpsprpspprpspprprspprpspsrpsrrppprppsrprsprspsrpprpsprpsppsrpsrppsrprspsrprspprsprsprsprspsprspsprspspprsp
human or machine,0.042,94,srpsrpsrpsprsprsprpsrpsrpsprsprpsrsprpsrpsprsprpsrpsrpsprsprpsprsprpsprsprsprpsprrprprprprppspspsrpsrpsprsprpsrpsprsprpsrpsprsprpsrpsrpsprsprpsrpsprsprpsrpsprpsrpsrpsprsprpsrpsprsprpsrpsprsprsprpsrpsprpsrppspppsrprpsrpsprpsprsprpsrpsprpsrpsprpsrpsprpsprsprpspsrpsprpsrprprpspsprprpsrpsprpsprprprrprpp
human or machine,0.042,95,srrrsrsrsrppsssrrprpssspprssspsrsspprssrsprprsrsprprsrrrrrsssrpppsrrsrpsprpssprsrprsssppssrrpsrsspprssrrrrrsprpsrrpsssrssppprprssprspsspppprprrsprpsrsprsrprpsprsrprprsrsspprspprssssrrpspsppprrssprsrrsssrpsspssrrrsprppprsprpsrrppprpprsrpprpssrsrprspsspsssprrpssrrpsprrppsrrsrsrrrssssssrsrrprsrpsspsprp
human or machine,0.042,96,psrprsrsprsprsprsprspsrpsrpsrpsrpsrrpsrprsprsprssrpsrpsrpsrpsrpsrprspsrprspsrsrprspsrprsprspsrprspsrprspsrprspsrpsrprsprsprsrsprsprsprsprsprsprsrpsrpsrpsrpsrpsrprspsrprspsrpsrprsprsprsprsprsprspsrprsprsprsprsprpsrpsprsprsprsprpsrprpsrpsrprsrsprsprsprsprspsrpsrpsrpsrpsrrpsrprsprsprssrpsrpsrpsrpsrpsrp
human or machine,0.042,97,prsprsprsprspsrpsrrsprsrpsrpsrsprsrpspsprsrpsrrspsrpsrrpssrprsprsprsprsprsprspsrpsrsprsprsrpsrpsrpsrpsrsprsprspsrpsrsrsprsprsrpsrsprsprsprsprsprsprspsrpsrrsprsrpsrpsrsprsrpspsprsrpsrrspsrpsrrpssrprsprsprsprsprsprspsrpsrsprsprsrpsrpsrpsrpsrsprsprspsrpsrsrsprsprsrpsrsprsprsprsprsprsprspsrpsrrsprsrpsrp
human or machine,0.042,98,srssrrpppsspsssssprrsspprrrssspsppssrpsrrprssrprpprssrsssrssppprppsrsprrrsrppppppsrpssrsspprsrsrsrprsrssrppppsprrrrsssrsssrrrprppsrrrpssrprsppssrrsprprppsrsrppspppsrrrrrrspsrrpspppspprrppsrpsrrrrrsprpspprssprrpsrsprpprpsrppprspspprspspspssrsppsrspsrrpsspprrprrssrrrspppprrrrpprrsrrpppprprsspprsprpprp
human or machine,0.042,99,prppprpsssrprsrpspprppprspprssrppsprsrsrrrspsrpsprrrsppppprpppprpprpspprrsppprsrrppssrspsppspppsrsrpprssppssrrsprpprpsprrprsrrrsrrpprprrsrpsrsrpsrsrsppssrpsrpsrpsrpprsrsrprpppsrrsspsssrrpsprssprrspsprprpprpsrppsssssrsrsrrsrppprspsprsprpppsrrsrprppppsrsrpprprssrsspprrpsrssprprprpprppsprprrpsrsspprsrs
human or machine,0.042,100,pspprppspprpppspprppsprppsprrrpspprppspprrrrrprppsppprppsprppsprpsprppspprpsppspspprpspsprpsprpsrpsprpsprpsprsprpsprsprpsprspprpsprpsprpsprpsprpsprpsrprpprpprprpppsppsprpsprpsprpsprpsprprpsprpsprpsprpsprpsprpsrpsprpsprpsrpspprpsrpsprpprprprprpprprprpprprppsprpsprpsprpspsrpsprpsprppspprppspprpppspprp
human or machine,0.042,101,ppssppppprrprprssrsppsppssrpprprrpsppsrrrpspsrrsrrppprsprprrppprrrssssprspsprsrrprprsprprsrsrppsrpsprrspprprsprsspprrrsprprppsrsspprppppsrpprssrrprssrpsrpssprssrrpsrrpsrssprrrrppprrssspsrrsrsppppprprrrrprpprpssrspsspsspprsssspspprrpsrsrpspsppsrrppssrrrspsrsrrsrrsprsppssssrssrrssrrsspprpssrrpsrrsrrrs
human or machine,0.042,102,sppssssppsrsspsspprprsprppprprssspsrpsrprrpprrrspsrprsprpssssprprppppsspsprpsrsssprpsrsprrrpprrppprprrsrsspprpssrsrprssrpsrrprrrrppsspprprprsspsrppsprppsssrspssrsrsssppspsrsspsrsprpprppsrrspprrrsrsssrrsrsspsppsprrppsssrrsrsrsprrprrrpprrrppsssrsrppsppspsrpsprpsprrpsprsrrpsprrrpprrrppssrppspprppprsrrr
human or machine,0.042,103,prrpspsrprrprpsssrsrprppprrpprsprssrssprrspsrprsrrssrprrsssssspsppprrppsprspssrspsrsprspsprpsrsrrprrrrsprrprrspssrspsrsrppssrssrpprprssssrsrsrsspppsrpsprrsrspsssrrrrsssssrrsprrsrsrprrpssrrpsrsrsssrpsrprssrppprrppppppsppppsrssppsppssrrppsrspsprpprsprprsrppsppsrsssrrprpspprprrsrsrsrspsspprpprspsspspps
human or machine,0.042,104,rpprprpprprprpprprprprpppsrpspppsrpsprpsrpsprpsrpsprpsrprspsprpsprpsrpsprsprpsprsprsprpsrpsprsprpsrpsrpsrpprprpsrpsprsppsprpsrpsprsprprsprspsrppsrpsrpppsrpsprpsrpspsprpsrpsrpsprsprpsrpsprpsprpsrpsprpsrpsprsprpsrpsprpsrpsprpsprsprpsprpsrpsprpsrpsrpsprpsprsprprprprpprprprpprprpprprpprprpprprprpprprprp
human or machine,0.042,105,sppspppprsrrprrpsrppprrpssrrspssrrspprprrrprpppsrrrsrsrrrsrpprrprpsrspsrrrprpsprpssppsrpsprpsprrppspppspprssppspssppsprpppssssrrrpspssppsrrpspspspprsppssspsssprpsppsppprsprsprrssssrrrrrrsprrrpsrrrrppssppsrrpssppsprprppspsprsrpsprprrppprprpspsrspsrprrrspsrrsrsrrsrrsrssprrspprpsrprrrpppsrppsrrrsrpspsr
human or machine,0.042,106,srppsrpsprpsrppsrpsprpsrppsprpsprpsrppsrppsrpsprpsprpsprpsrppsrppsrpprpspprpsprpsprpsprpsrpsprpsprpsprpsprsprppsrppsrpsprsprppsrpsprsprpsprpsrpsrpsrppsrpsprsprsprpsprpsprpsprpsrpsprpsprprspsrppsrpsprpsprpsrppsrppsrsprppsrpsrprpsprpsprsprpsprpsrpsrppsrppsrpsprsrpsrprpsprpsrpsprpsrpprsprpsprppsrpsprpp
human or machine,0.042,107,rprprprpspspsprppsrpsprpsrpspsprppsrrpsprpspsrpsprpsrpsprpsprpsrpsprpsrpsrpsrpsprppsrpsprprspsprprsprpspsprspsrprprspsppsspprprpprpspsrpsrrrpsspsssrrprprpspprprppprpsprpsprpsprpsprpsrpsrsprpsrprpsrprpsrprsprsrppsrprpsrprspsrprspsrprsprspprssprspsrpspprspsrpsrprspsrprpsprpsrprpsprprprprprrpprprpsrpsr
human or machine,0.042,108,spsrspssrsrpsppssrssrprrprsprspspsrrsssspprrprrrprrspspsprssrspssrspsssssrpspsrsssrrpsrsrrssssrrprrpsssrsrpppsspsrrrppssprrsprsprssrsrpspprrprppssrsppspsppprrsrrpsppsspspsppsppsprrprpprrppsprpsprrrspssrspprsrpppsppssrpppssrrrppprrpprrrpprpsrssrspsrrprpsssrpssrrrprsrssrrrpsprsrsrrrsssspsprpsprppprsrp
human or machine,0.042,109,psprsppsrpsrsprsrpsrpsprsprpsprsprpsprsprpsrpsprpsrpsprsprpsprsprpsprpsrprpprpsprsprpspsprspssspsprprpsrprprprpsrrsprsprspprsprsprpsrprspsrpsrpsrpsrppsprpspsrpsrpsprpsprsprpspspsprpsrpsrpsprpsrsprpsprpsprsprpsrpsprpsrpsprpsrpsprsprpsrpsprsprpsprpsrpsprrsprsprsprsprpssprpsrssprrsprpprspsprpsprsprpspr
human or machine,0.042,110,rsprsrsppsssssprsprsrpsppsprrrsppprsprrrssssrrprsprsssssppspssssrprspprsrrssssspssssspppsprrrprpspsrrprspppspssrpssrsrrppssprssrssrpsprpsppprrsrpprsssrrrspsprsprrsrpppssssprrrssrrpppprrrprprsrspprsrsprppsrrrrprprrssrpsspsrspsprrrpppsppprspprrpsspprpprppsrrspsspsrsprprrprppssssrssrprpspsprpsprsrrsprp
human or machine,0.042,111,srpsrpssprsprspsrpsrprsrprprprprprsssrprpspspsrpspsrprsrpsrprsrspssrpsrrprpspsprspsrprssrpsrpsrpsrsrpsrpsrpsrpsrprpsprsprpsrppsrpsrpsrppsrpsrpsrpsrpsrpsrpsrpsrpsprpsrpsrppsrpsrpsrppsrpsrpsprpsrprspprsprspsrpsprpsrpsrpsrpprsprspsrppsrprsprsprsprspsrpsrprprspsrpprsprspsrsprprsprspsrsrpsrprpsrpsprrsprp
human or machine,0.042,112,rrrrrrrrrrrrrrrrrrrrrrrrrrrrrrrrrrrrrrrrrrrrrrrrrrrrrrrrrrrrrrrrrrrrrrrrrrrrrrrrrrrrrrrrrrrrrrrrrrrrrrrrrrrrrrrrrrrrrrrrrrrrrrrrrrrrrrrrrrrrrrrrrrrrrrrrrrrrrrrrrrrrrrrrrrrrrrrrrrrrrrrrrrrrrrrrrrrrrrrrrrrrrrrrrrrrrrrrrrrrrrrrrrrrrrrrrrrrrrrrrrrrrrrrrrrrrrrrrrrrrrrrrrrrrrrrrrrrrrrrrrrrrrrrrrrrrrrrrrrr
human or machine,0.042,113,pprsppsprpsprssprpsprpsprsprsrprsprspsppsrpspprrspprsrpsprpspprpspprspssppsrpsprrrspsprpsprpsprpsprsprsrsprpsprspprsrpsrsprsprpsprsprpsprpprpsprpsprsppsrpsrrpsrpspsspsprppsprpsprsprpspprpssprrrpsprsppsrprpsprpsssrprpsprpsrppsrpsprpsrpsprpssprpsprprpsprspprsppsprpsprssprpsprpsprsprsrprsprspsppsrpsppr
human or machine,0.042,114,sprpssrpprsrpsrpsrpsrpsrpsrpsrsprpsrpsrpsrsprsprsprsprsprsrrrprspsrsprspprsrpsrpsrpsrpsrpsrpsprspsrrpsrsprspprssprrsprsprsprpssprrsprpsrspprsprsrpsrspprsprsrsprpspsrspsrpsrpprsprpspsrpspsrpsrpsrpsprsprpsrpsrpspprspsrsrpsrpsrpsprsprpsrpsprsprpsrpsrpsrpsprrpprprprprprpspsprsprsprpspspsrrpsrpsrpsrpsrps
human or machine,0.042,115,rpsrprsprspsrpsrpsrpsrpsrpsrpsrpsrpsrpsrpsrpsrpsrpsrpsrpsrpsrpsrpsrpsrpspsppspspspsprpsprpspsrpsrpsrpspsrpsrpsrprspsrpsrpsrpsrprsprssprpsprpsrprsprspsrpsrprsprspsrpsrpsrpsrpsrpsrpsrpsrpsrpsrpsrpsrpsrpsrpsrpsrpsrpsrpsrpsrpspsppspspspsprpsprpspsrpsrpsrpspsrpsrpsrprspsrpsrpsrpsrprsprssprpsprpsrprsprsps
human or machine,0.042,116,psprpsrpsrppsrpsrpsrpprsprsprsprpsrpsrpsrpsrpsprpsrpsrpsrpsprsprsprpsrpsrpsrpsrpsrpsprsprpsrsprsprsprsrpsprsprsprsprsprsprsprsprsprpsrpsrpsprsprsprpsrpsrpsprsprpsrpsprpsrpsrpsrpsprpsrpsrpsrpsprpsrpsrpsrpsrpsprsprpsrpsrpsrpsrpsprpsrpsrppsrpsrprspprsprsprsprpsprsprsprpsrpsrpsprpsrpsprsprpsrpsprsprsprs
human or machine,0.042,117,sprsprpppsrrrsprsrrrssrsprrrssspspsrprsspsrprpsprsspprrspssrrpspsrrsprsrprssrsprsspppsrprsppppppprsrppprsspprrpsrprprppssrssssrsprrprsrpssspprsprrppspssrsrrprrrrprsrrrsssrrppssprpsprsssppsrsrrspsrsrrpprrpsprssssrpprspprprspppsrrssrppspsrspspspsrrssrrspppsprrpsssssppsrrprpsspssppsrprspsprrprsspssrprs
human or machine,0.042,118,prpsprsprpsprsprpsrpsrprpsrpsprsprpsrpsrprpsprsprprsprpsrprpsrprpsrprsprprprrrrrrrrrrrrsprpsrpssprssssssssssssssssssssssssssssssssssssssssssssssssssssssssssssssssssssssssssrrrrrrrrrrrrrrrsprpsrpsrpsprpsrpsprpsprsprprsprsprpsrsprrprsrprpsprsprpsprsprpsrpsrprpsrpsprsprpsrpsrprpsprsprprsprpsrprpsrprpsr
human or machine,0.042,119,pprsspsrssrrspspprrrrrsrppsssppsrsprspspsrprpssprpsprrspsrsssrprrpprsppsprrsrrpsrrsssrrrprppsrssrsrrrrpppsprrprrssprpsrsprppssprppsrpsrpsrrpppprpsppprprppsrrrprssrsssppsssprsspsrssrppsprsrsrsssprrrprsspspppprprrrpprrpsrrrppspssrsprpsrppsspspssspppsrpprrprrrrprppsspppsspspprrssspsppssppppsssrrrrsrrrp
human or machine,0.042,120,rsrpprrrprspssrspsprpsrpsspsrrrssspsrsprpppssppppppprrrrprrrssprpppppspspssrssrrprrsrsrrsssssprppssppsssprrssrprsrrrrssssssrsprsrpsrsprpsprrrspprrpprrppsrprpsssrrpspsprsspspsrrspprprssppprspprpsrprrrprpsrrsrprpsrsssrspppprpspprrsrrrpsrrsrpspsssprrpprspprspprsppsssssssprppssrsrrrsrsrpsssrprrrspprsppp
human or machine,0.042,121,rrppsspsrrrprsprprrrpsrspsrprrsrpppppsrsssrprsspsrsssrppprsrspsprrspsprpsrpssppprrsprpssrrpsprsppppspprprpssrrprssprpppspprrprprpsppspprrppsrpprssrprsppppssrpsspprrsrsppssrrsrrppspssrsrprpprsrrsrprrpppsspppppsrsrppprsrrrrrpsprrsrsprprsprpprrsspsrsppsppsppprrsssrrspprpsppssrsprpprrrssrrrpsrrpsspsrsrr
human or machine,0.042,122,srprpsrpsrspsprppsrprsprpsprpprsppsrprsprsprspprprspsprprsppsrpsprprsprppsrsprppsprspprpspsppsprpprspsprpprrspprprpsrpprspsrpsrpsrsprpsrrspprprprpsprrppsrprsppsrprsprprppspppsrprsppsrprspsrpsrprpprsprsspspsrppsrpsrpsrprspprsprpspsrprsprspprsprspprsppsrprsprpsrprspsprpsprpsrprpsrpsrprspprpsrprprspsrp
human or machine,0.042,123,prsprpsrpsprsprpsrprsprsppsrpsrpsrprprpsprpsprsprpsprsprsprpsprpsrprsprsprpsprrpsprsprprspsprppsrpsrprsprpsrpsprprspsprprprpspprsprpsrpsprpsprpsrpsprrpsprpspsrpsrprsprpsrsprpsrpprsprsprpsrppsprsprsprsprsprpsrpsprprsprsprprsprsprpprsprsprsprsprsprspprspsrprspsprpssppsprsprpsrprsprprpsrprpsprpsrprpspr
human or machine,0.042,124,srpspssrrrrpppprpsspppssrssrpppprrspprrsrrpsrspprsrppsppprrssrsrprppsrrspssrppspprssrsrrrsprsrrssrssppsppprrpssrpsrrprpppssrpsrrpppsssspssssssrpssrrpsrssrsppprprrprrpprrprsssrppsrsrsrpsrsrrsrsssrprpprpsssrsrrsrpssrrpspsspsppssprrsppsrpspsrssrrppppssrpssrsrsrrsrprrsssspsprrppsppssrsppssppppsspprpssss
human or machine,0.042,125,rpprppsspsppsrrsssprrrsssrpprprprrprprssprsprpspsrsrpssrprrsssspssssrprrprprrrppppsprsspppsrrpprpsrppsrppsrsrpsssprsrrsprprsrrrrspssrssssssrssprrrspsprsprsppsprsspppprrspspspsprrpsrpppsppsssrpssppspsssrpsrrsrssprsppprprsrsspssrpprsrrrrsspsrssssrpssrrpprppsrrpsrpprspprsprrsrrsssppsrrprprpprrspppssrps
human or machine,0.042,126,sssppsssspspspppsspsspprrrpprppspsrrpsspsrsrssppsprrppsrpppsrpppspsrsrpsprrrpprsrppssprpppsrppspprpssrsppsrpspsrpsrprsrpppsssprsssrprpsssrrpprrrpppspspsrssrrrsppssrrppssrprprpsprrsrpprpsprrrrsprsrpspsrpppsspprsprsrrprprspprssrsrrpsssspsssrsrrsspprsspsrspsrsrspsprrprsppsprssppspprspsrspsppsssprrsprsp
human or machine,0.042,127,rsrpsrpsppsrpsrpsprpspprsprpspprspprsprpspprpsprpsprsprpspprpsrpsprpsprpsprpsrrsrpspsspppsrprpsprpsprpsprsprppsrpspprsrpprpprpsprpspsprpsprpsprpsprpsprpsprpsprsprsprspssrpprsprpsrpsprpsprsprpsprpsrpsprpsprpsrpsprpsprpsrpsprpsprpsrppsrppsprpsrppsprpsprpsprpsprpsprpsprpsprppsprpsprsprpsprpsrppsprsprps
human or machine,0.042,128,prpsrpppssssprsprsssrpssrrsssssrprrpsprsrrssrprspppprrrpspsssssrrprssrssrrppsrrsssspssssprspsspppprprsrspssssprrssrsppspppsssrrpprpppsppprspsrpppssssrsprrrssrrpprrrpsprrssppsprsrssrpsspsprpsrrppssppsrrppspprrppspppppppspppsrsrrsrsrpprpsrpppsrsrsspssrrrpsssssrsrrrrpprrrrpssrrpprssprsssrssrrrsprrspssr
human or machine,0.042,129,pspsppspspspspspspspspspppppppppppppppppppppppppspspspspspspspspspspspspspspspspspspspsppspsppspsppspspspspspspspsppsppsppspspspspspspspspspspspsppspspspspspppspsppsspspsppppppppppspspspsppspspspspspspspsppspspspspspspspspspppppppppppppppppppppppppspspspspspspspspspspspspspspspspspspspsppspsppspspps
human or machine,0.042,130,rsssrpsrsrpsprsppprpppssrssssrsssssrspsrsrprpsrsrrrpppspssppprrppsrspssrpssrppppsspssrrspppprpsprpspsrsppssssrsspspspprsppspsrspsrpsssssprrprsrsssspsrprrssspsrpsrsspssspspssspssrprrppssspprsrppsrpprrpsrsprsspprspprpsrrsrssrsrsrrsrsssspspppsppppsprsppspsprrrssppspssppssrsssrppssssspspssssssrsrrrprspp
human or machine,0.042,131,psprpsrpsprpsprsprsrsprpsprsprpsprsprpsrpsprsprpsprpsprsprpsprsprpsprpsrpspprrrrprprprpprssspspspspspprprrrpprrpprrpprprsppsprrrrrrrrrrrppppppsssssssssssspspspspspsprprpsprpsppsspprprprpssppprprpspspsprpspsprpprrrrprprpspspsspprprprpsprprprpspsprprpsprprpsrpsprpsrpsprpsprpsrpsprpsprsprsrsprpsprsprps
human or machine,0.042,132,rprpsprprsprspprsprsprpsrprspprpssprsppprpsrprpsrppprspsrpprsprsprpsrppsrprsprppsprprsprspprspsrpsrpprsprprsprspprsprspsrpsrprsppsrprspsrpsprrprspsrprsprpspprspprspprsprpspsprprspprsppprsprrpspprprsppprprpspsrpprspspspprsprprspprrspprpsprpsrprspsrprpprspprsprprspprsprspsrprpprsprpsrpprprspprpsprprpp
human or machine,0.042,133,pspspsppspsssssssrpsrpspsppspspsprpsppsssrrrrrprsprpsrpspppsprsprpsrpsprpsrpspprsppsrpsrpsprpsrpsprpsprprprprprprprrrrrpssppspsprpsprprprprpspspsprpsprpsprrprpprprprprpprpsrpsprsprsprpsrprrrpprprspsprrprprpprspprspsprppsssssrppppppsprpsrpsprprprpsppsprpsrpspprpsprpppspsrpsrpsprsprsrsspspppppsprpsrps
human or machine,0.042,134,rrpsprsrpsprrppsprpssspprsprppppprsrrrppprrsppprrrrpspsprrsrssppsrprprpprsspsrrpsrrpppsssrspprpppppsprppppsrpppsppssppssprsrprsrpprspprrrrsrrpsrprpsrspssprrprpprsrpssrppprpprrsssrrrrsrrpsppsrrppsrrprprsppsrrrsrpprrppsprrpprrrprprppprrrpspspsrprrpsrssrsrrsrpsprsssrrsrrpsprrrsrrssprsrsrrrssspspprprspp
human or machine,0.042,135,psrpsrprspprsprspsrpsrpsrpprspsrpsrpsrppsrprsprsprsprsprsprpspsrprsprsprsprsprspprsprsprsprsprsprspprspsrprsprsprsprspprsprsprsprsprsprspprsprsprspsrpprsprsprsprsprspprsprsprsprspprsprsprsprspprsprsprsprspprspsrprsprspprsprsprspprspsrprpspsrpsrpsprpsrprsprsprsprspprspsrprsprspprsprsprsprpsprsprspsrp
human or machine,0.042,136,ssrsrrppppprppspppsrpprrppppsrspprrrspsrpsrpsssspsrsrpsprpsrprprrrsssrrppspsssspsrspsprrpprsprrpppsrrrsrssppprsrssrrrssrprsrppsrsrpprspsrprsprsssrrpssrpprsrppppppssrpsrspspppsssrsrpppssrpsrrrprpssprrprrrppprsppppprrspprppsrrrrprsrssspsrsprprrsrppsspsrsrspprrrsprprprpssrssrssspssprspsrsssrsprspprspps
human or machine,0.042,137,prpsprpppsrppsprpsprpsprpsprpsprpsprpsprpsprpsprpsrpsprpsprpsprpsprpsprpsprpsprpsprsprsprpsprpppprsprpspspsprpsprpsprsrrpspsprpsprsrpsrpsrppsrprpsprpsprpppsrppsprpsprpsprpsprpsprpsprpsprpsprpsprpsrpsprpsprpsprpsprpsprpsprpsprpsprsprsprpsprpppprsprpspspsprpsprpsprsrrpspsprpsprsrpsrpsrppsrprpsprpsprpp
human or machine,0.042,138,sssppssprrrpsrrpsspsprrrprsrssrspsrrrrpsrrpssssppprpspsrspssppsrpsrsppppspppsrsrrssspssrprpssprrrsprspspppsppspsrpsppssrpssssprsrpprpsrrssrprrrrspsssrsppssspssppsspsssspsrrppprsppsrspsrrrpssrprsrsrprspsrssrrssspsrsrpspspsspprrrpsspsssrspsrrppprrprrsrssrprpssspsspsrsrprsppsspprprsrsrprspsprrspsrpsprr
human or machine,0.042,139,prprspsrpsprsprpspspprsprpsrpsprsrsprsprpprprpprsssprprpprpsprpprpspprpprpspspspsrprpsprpsrsrsrsprpsrrsppsrpsprsprpsprsprrrprprspspspspsrprpsprsprpsprsprpsrsrrprprpprsprsprsprpsprrpprprpsrpsprsprpsprprpspprsprpsprrsprpspspspsprprpsprpsprsprpspprpprprspsrpsprsprpspspprsprpsrpsprsrsprsprpprprpprsssprp
human or machine,0.042,140,prsprsprspsrpsrpsrpsprsprsprpspspspssssssppprrrpprprprprpsspprrrrpprprpsssppprprprrrrrsrsrsrsprspsrpsprsprpsrpsprsprpssrpsrprsprspsprprssprprsprsprspsrpsrpsrpsprsprsprpspspspssssssppprrrpprprprprpsspprrrrpprprpsssppprprprrrrrsrsrsrsprspsrpsprsprpsrpsprsprpssrpsrprsprspsprprssprprsprsprspsrpsrpsrpspr
human or machine,0.042,141,sppssssrpsspppprsrrppspsrrpprsrpprssssrsrrspspsssrpssprpspprrrpprrppsrrprprrsppprsrrrssrssrspssrsrrsssprrprrppsrprssrsrrsrrrppsssrprprspssspssspsprpsspppprppssssrpspsrpsprrsprrpssrsssrpsrrspprrsprrsrrsspprssrssprpssrspsrrrrprprrpprppsrspprspsrsrrrrrrsrsrrsrssspsrpprprsrrssppsrsrprprssrrrsrsssprrprpr
human or machine,0.042,142,ppssrppprprsrrrpsrpssrprsprsrsrrspppprprsrsppppsrssprrrrsrssrrrprpprsrrsppsprpssrssppsrppsppsrpspsprpspssrsprsrrrsrrsrrsprrprprpsssprsrsrrssrrrpprppsrssrrpprrrrsrsrsrrsrpssrppsssrsrsrpprpsprrpprrsssrsrprpprsssrspppssprpprssppprprrspsrrrpspsspsspssprrrsppspspsssrrprrpsrsssspspsppsprrppprrssssspsprspr
human or machine,0.042,143,psrpsprsprprpsprsprpsrpsprpsrpsprsprpsrpsrpsprsprpspprsprsprpsrpsprsprpsprsprsprpsprpspsrpsppsspspspspspsppsrpsrsprpsrpspspsprpspspsrpsprsprpsrpsprpsrpsprsprpsprsprpsprsprpsprpsrpsprsprpsprpsprsprpsprsprpsrpsprpspsppspspsrpsprpsprpsrpspprrprpprprprprprpprprsprpsppspspsprsprpsrpsprsprpsprsprpsprsprps
human or machine,0.042,144,ppsrsrrrpsssrprpsspsrrrpppppspssssrrsrprsprrrrsspprpsrrrrrsprsrssprpsrrpsrssspprsrprppssppssrrsppprrppssrspsprppsssssspsprrrsssrrsrrsrppsrrsrppssrrsrsspsprpsprppprpssrspprspprpprpspspsssprpsrsprprrspspppsppprrssssrsrrssrssppssprssrrsprrsrpppsprrrsprsrsppspppppsrpsppppprprpsppprrprrsrrssrprsrpsssrrps
human or machine,0.042,145,pppppspsprsrssspsrrsrssrprrppsssrpprsrssrrrrrrppppssprrpprrrpsrsrrpssrrrsppsrsrpppppsrprppssprssrppsprsspssrpssssrrsrrpsrpsssrpsrrppsrpsrrppprsrpssspprssspsrsssrrspssppssrsppssrssssspsspssrrprpsppprrppsrppprpppppsspprppssrppsrsppprsrsprpspsrprpsrppsppssrprrrpspsprssrrprsrprpsrsrsrrsspppsrssspppprsrs
human or machine,0.042,146,pprprsprppsprpsrrsrrpsprpspprspsprsrrprpsprpssrpsprrpsprpsrprpsrpsrspssprpsprpsrpsprpppsrpsprsrprspsprprspprpsrprpsprrrsprpsprspprpsrpsprprpspspsprpsrprpsrprpspprpsprprpsprpsprpsprppprssrprprsrsssrpsrpprprsprppsprpsrrsrrpsprpspprspsprsrrprpsprpssrpsprrpsprpsrprpsrpsrspssprpsprpsrpsprpppsrpsprsrprsps
human or machine,0.042,147,rssrpppppprrprrpppprrppspprrssspprsppsrrrsssprspspprsrrspsprprppsprrrppprspsssprrrpprsspsrpspsssssrppssrspprsrsprsspsrsprsprppsrssrpsrsspssprppprrprrssppsprspprppprrsspssprpsrspsrrrpspsrppsprrssprpppsrprrpsssssrsppspppsppssrssrpspsppsppppsssspprpprspsprrppprprrsrsppsrpppprpppprrrpsrsssprsrssrrrrsprr
human or machine,0.042,148,rrrrrrrrrrrrrrrrrrrrrrrrrrrrrrrrrrrrrrrrrrrrrrrrrrrrrrrrrrrrrrrrrrrrrrrrrrrrrrrrrrrrrrrrrrrrrrrrrrrrrrrrrrrrrrrrrrrrrrrrrrrrrrrrrrrrrrrrrrrrrrrrrrrrrrrrrrrrrrrrrrrrrrrrrrrrrrrrrrrrrrrrrrrrrrrrrrrrrrrrrrrrrrrrrrrrrrrrrrrrrrrrrrrrrrrrrrrrrrrrrrrrrrrrrrrrrrrrrrrrrrrrrrrrrrrrrrrrrrrrrrrrrrrrrrrrrrrrrrrr
human or machine,0.042,149,rsprpsrsprprspprsprspprsprpspspsspsrpsprsprsprpsrpsprpssspsrprprprprprprsprsrsrsrsrprprprsprsprsrsrrrrrppspprpppsrpprppsrprpprpsrpprpprsprsprpsrsrpsrpsrpsprpsrpspsppsrpsrpsrpsprpsprpsrpspprsprpsprsrpsrpsppsprsprsrpsrpsrpsprsprsrpsrpsrpsprspsprsprprprsprsprpsrpsrpprspppsrprpsprsprpsrpspppprssprpsprsp
human or machine,0.042,150,sprpssrprppspspssspprpsprrppsprpsprsprpsrpsprpsprsprpsprprpsprpsrpsprprrprppspspspspspsssrsrrspspsprpspprpsppspspsprpsprpsprpspprpssprpssrprppspspssspprpsprrppsprpsprsprpsrpsprpsprsprpsprprpsprpsrpsprprrprppspspspspspsssrsrrspspsprpspprpsppspspsprpsprpsprpspprpssprpssrprppspspssspprpsprrppsprpsprspr
human or machine,0.042,151,rpspprsprpsprpsrpsprpsprppsprsprpsprpsprppprprpsprrpsprspprpsprpsprpsrpsprpsprpsprpsprpsrpsrpsprpsprpsprpsprsprpsprpsprpsprpsprpsprpsrpsprpsprpsprpsprpsprpsrppsrpsprpsprpsprpsprpsprpsprpsprpsprppsrpsprpsprpsprsprpsprpsrpprspsprpsprpsprpsprpsprpsprpsprspprprsprpsprpsprpsprpsrpsprpsprpsprpspprpsrpsprp
human or machine,0.042,152,psrssprsspsrpsspsrrrrsrsrrsprsppprpsprrprssrrprsrrprsppsssppsppppsrppprrssrrsprrrssrrppsspsrrpppppssrpssssrpprppssppsspprprrpsprppprrrrrrsspssprpspprssrpssrppprpssppprssrsppsppppsrprrppssprpspsrsprrrprrrprsrssrssspssrrprpsrrsprprrprsrsrpsssssssrsprrsssrrspssrpprpsprprpppssrrrprrprsssprprppsrppssssps
human or machine,0.042,153,prsrspsprsrpprsrpsrpsrpsrpsrprspssrsssssssssssssssssssssrrrrrrrrrrrrrrrrpsprppsppppppppppppppsrssrpsrpsrpsrprpsrssrpprsprsprprsrpsrprpsprrsprpsprprsspsrprsprsrpprprsrpsrrpsrpssrpsprprsprsrprpsprsprsprprsrpsrpsprsrrsprpprsprspsrsrpsrprspsprsrspsprsrpprsrpsrpsrpsrpsrprspssrsssssssssssssssssssssrrrrrrr
human or machine,0.042,154,rspsrpsrpsrpsrpsrprsprsprsrpsrpsrpsrprsprspsrpsrpsrpspsrpsrprsprspsrpsrpsrpsrpsrpsrpsrpspsrpsrprsprspsrpsprspsprsprspsrpsprspsrpsprsprsprpsrpsprspsprpsrpsrpsprpsprpsrpsprpsprpsprsprpsprsprpsprsprpspsrpsprpspsprpspsprspsrpsrpsprspsprpsprsprpsprsprsprpsrprpsrpsprsprpsrpsrprsprspsrpsrpsrpsrpsrprsprsprs
human or machine,0.042,155,pppppppppppppssssssrrrrprpsrpsrprsprpsrpsrpsprsprprppppppppppppppppppppppprspsrpsprpsprpsprsprpsprpsrpsprpsprsprpsrpsrpsprrpspsppppppppppppppssssssrrrrprpsrpsrprsprpsrpsrpsprsprprppppppppppppppppppppppprspsrpsprpsprpsprsprpsprpsrpsprpsprsprpsrpsrpsprrpspsppppppppppppppssssssrrrrprpsrpsrprsprpsrpsrps
human or machine,0.042,156,spppspppssrrpprprpsspsrsrrspspprpsrprprrrsrsssprprpppsssrrsspsrrsrrprsrspprrssrpspprssrrsrrrprsrprrssprsprsspsrssrprsssrpsrrprsrrpsppsssrprsrppppssspsrsrsrrpsprsssrssprpssrrrrrprsrrrprrsrpspssrrppsrrsrsprrssssrrprrrpspsrrsrspppssssrrsrssppssspspsssrprrprrrrspprpsrspspsrpssspprssrsrrspppprspsppsssrrr
human or machine,0.042,157,rrrrprprssprssppspppppppspsprppspspspspprssppprprspprrprppprrppsrspsspppsprrssssprpsrssrpspsrrprssprsrpsrprpsprrpprprrsrssppprssprsrrspprrprsssrprsrssppprspsrsrprsrspspsrsrssrprsrrsspprrrsrrrppsssspsspprpprspsprpsrppspssprspprrrssprprpspppsrpprrssrppsrrssrpsrpssppppprpsrspppprsprrpprrrsrsprprsrrrrrs
human or machine,0.042,158,rspsssrrrprpprssrppppsrppprrrssrpspprsssrssrpprrprrprrssssspsrrspssrppsprrssrsrprprrpsssrprssrrrprprspspsrrsrpspppppsssprpssssrprssrsppppprspsrssrpssrrrsrsprprssrrpspsppssrrrprrpsprrsppssrsrrrpsssspspssppprppppppprpppsrrpsrrssrsrsrrsrsrrrssrprrsssssrrrspsrpsprsrppppprrprsrssprsrssppprsprssspsrsrssps
human or machine,0.042,159,ssrprsrrsprppppppsprprsspspprrsrsprrppsrrsprpsrsrrprrsspsppppsspsssrspprprsssrsspprppppsssrrssspprpprsssprsppprpprpprprsppsrrsrsprrprrrppsssrsprrpssrrrpppprsssrpssssprrrsrrrprpsppsrsrpppppprsrrspsssrpssprrprprpspprprrsprrppsrppprsrprrpssrrssrpssppssrspsrrppsprppsprpssssppprrprrrsrpspsprrspsprrspsssr
human or machine,0.042,160,prpsprpsprpspsrpsprpsprpsprspprspsrpsprsprsppsprpsprpsprpsprpsrppsprpsrpsprpsprspprpsrpsrpsrpsrpsrpsrpsrpsrpsrpsrpsrpsrsprpsrprprprpsprpsrpsprpsrpsrsprpsrpsprsprpsrpsprpsrpsprsppsrpsrpsrpsprsrpsprpsprsprsprsprpsrsprpsrpsrsprpsppsppsprspsprsprpsrpsrpsrprpsprpsprrpsprsrpsrppsrpsrpsrpsprpspprpsprpsrpsr
human or machine,0.042,161,srsrsspprpppsrrsprspsprrsrrspspsrpsrrrprsrrrrrrssssssppprrssprrpppppsprrrprsspsppsprspprrpsrspprspssrsssrpspprrprrsrssrppsrssrssprpsprrrprsprsrrpsrrssrrsssrsprrrrpsrprrsrrpppppssrprrspsspsrsprrspsspsssrrrrppppssrrrsrrrrpppprpssrprsrrpsrspspprprpsssspprrsrrspsprrrrsssppsrsrrrssrppsppssrrpsrpppsrrsrrs
human or machine,0.042,162,rppsssrpsppsspprsrssrppprsrrpsrsrrrprrsprrprrssprppsprsrsrsppprrrrrrsppsprrprpprsrrsrpspprrppspprprpsrspprppppsrprrrrrprsssrrrssrsspssrsrpprppprrpppspssprrrsprpprrpssppsrprrppspsrrpspssrsrprrspsrsprrprsspssrsspsrsrsrpprsprrssrprsrpsppsrpsprpsssppprprsrrpsrpprpsrsrrrsprsppsrpspsrprprppsrprpsspspspppr
human or machine,0.042,163,pppprsrpprprrssrssspspspsrpprrspssssrrrppppsspsrrpsrrpprsprprsrsprprrrpspprpsrpsprssssppsppsrspppsssppssrrrrspsrssrsprpssrsrrsppsprrprsrpprsrsprsrppsprrpsrspsrprsrsspsrsppssrpppprpspsrsprrrpprprrrrprpspspssppssrppspsrsppspssrsrrprprrrspsspprsrrssppsrssprrprsssprrrpsprsrrrsrpsspsppsrssspsrppspppspspp
human or machine,0.042,164,rpsrpsrpsprsprsprpsrpsrpsrpsprsprsprsprsprpsrpsrpsprpsrpsprpsrpsrpsrpsrprsprsprsprsprpsrpsrprpsrpsprsrpsrpsrpsrpsrpsprsrpsrpsrpsrpsprsrpsrpsprsprsprsprpsprppsrpsprsprsprpsprpsrpsprpsprpsrpsprpsprpsprpsrpsprpsprpsprspprpsrpsprpsprsprpsprpsrpsprsprsprpsrpsprrspsprsrpsprprpsprpsprpsprpsprpsprpsprpsprps
human or machine,0.042,165,rspsrspsrpsrspsrprprsrspsrpsrsprspsrspsrpsrsprsprspsrprprsprsrspsrpsrspsrpsrspsrpsrspsrpsrspsrpsrrprspsrspsrsprspsrsprspsrsrpsprsrpsrprsprpsrpsrpsrprspsrspsrpsrprspsrprsprpsrspsrpsrpssrpsrspsrpsrpsrsprpsrspsrpsrsprspsrpsrsrpsrspsrpssrpsrspsrpsrspssrpsrspsrspsrspsrspsrspssrspsrspsrspsrsspsrspsrspsrss
human or machine,0.042,166,rsrprspsrppprppssrspprrsprpsspsrrpprrrpsrppsrspsprrrrpprppprrpssspssspprsppssrrprprprrpsrprrrrrrrsssppsssspprsrrssrrpssssspprprrrsrpsrsrpprrsspssrppsrpspprsrprsprrsrrspspssssrprrspsssrrsrprssprsprrssrprsprrrprprrsrprsssspssspsrsssssssprsrpsprprpprrsrsrrrsppprpprspssrsprsprprprrrprssrspprpssrsppprrrr
human or machine,0.042,167,rpsprsprpsprpsprpsprpsrpsprpsprpsppsprpsprpsprppsrprspprpsrpsprprpspprprpsprprprprpprspspspsprprpprpsprprpsprprsprppsprprpsrprspsprpsrpsrppsrpsrrpsprpsrprsprpprspsprprpsrpsprpsprpsrpsrpsprprpsrpprprsprpsprsprpsrprprprpsprsprsrspprsprsprspprsprprsprsprpsprsrsprsprsrprpsprpsrpsprpsprsprpsprpsprpsprpsr
human or machine,0.042,168,rpsrpsprspsprpsrpsprprprprprprsppspssprpspsrpsprsprpsrpsprsprpsprspsprpsrpsprsprpsrpsprpsrpsprsprsprpsprsppssrpppsrpsrpsrpsrpsrrrrpprrpssrrssrsprpsprrpsprrpsprrrpprprprprpsspprsprpsprpsrpsprpprsprpsprsrpsprpsrpsprpsprpsprsprprprprprprprprprpsprsprppspspsrprpprprpspsrprpspsrprpprpsprsprpsprpsprpsprsp
human or machine,0.042,169,prspsrprspsrpprspsrpprpprpsrspssrsspsrspssrpssrspsrspsrsprspsrsprspsrpsrpsprsprsprspsrpsrpsrpsrpssrpsprsrpsprsrpsprsprsrspsrpsrpsrpsrpsrpsrpsrpsrpsrsprsprsprsprsprspsrpsrpsrpssssrpsprpsrpsrprpsrpsrprspsrprspsrpprspsrpprpprpsrspssrsspsrspssrpssrspsrspsrsprspsrsprspsrpsrpsprsprsprspsrpsrpsrpsrpssrpspr
human or machine,0.042,170,rsprpppppsrpspsssprrrprprrsrprrsprprsrssrsrrsprrppssrsrrsrrpssprrprpsprrppsppsppprsspssrsrrppsrpssrprrspprssrrspspprpspsrsrsrsrppsssssprpsrpprrsrrrsrsrprsrsprrpsrsssrrrsrsprsprpppssrssrppsrpsrrprssrpssrspppspssrrrprprrppsrppprprrsprpspprrrrprprrrssrrssrppprssrsprprssrpppprspsssrspsprrprppprrrpprrsrr
human or machine,0.042,171,sprppsppprspspsppprsprprprppsrpssrsrspprprsspssrrssssrpppsspppsrspsrpsssrsprrpprpspsssrsspsprprrrprsspsprrsssspsrrsspsrprrpssssprrpsprssrppsrsppprrppssprsrspsspsppppppssrprrprrsrsrprrpspsppsprpppsppprprrppsrsrpsprprssrpprspsprrspsrsprspsrrsrsppprsrspspprrrssssprrrpsrrpssprrpsrrssrsrrrrpspspppssrrsrs
human or machine,0.042,172,prpsprppsprpsprpsrpsprpsppsppspprpsrppsrpsprpsprpsprpsrppsrpsprpsprpsppsrpsprpsprpsrsrppsrpsrpsprppsrppsrrpprpsrpsprpsprpsprpsprpsprpsprpsrpprsprppsrpsprpsprpsprpsprpsprpsprpprsppsrprpsprrpsrppsrprpspprsprprsprpsprpsprpsprpsprpspprspprpsrpsprpsprpspprpsprpsppsprpsprpsprpsprppspsrprssrpsprpsprpspprps
human or machine,0.042,173,rrprsrrsrrsppsrpsprrsprsssppsrrpprrrsprpsrsrspspsrprssspssssrpppspspspspspspprrpsppsrrrprppppsspppssrrsprssrrprsrsprppspssrsrsrspssrprrprprprsppsrsprppsrpprrspppppppsppsprrrsppprprsrsrrspsspspprpssspsrppppsprsprprssrrsrrssrpsssspsprrrprppprpspppppprspppprrprsrrssprpssppspssprrsrrprssprspsrrppspspprr
human or machine,0.042,174,rpsprpsprpsprpsprpsprpsprpsrppsrpsprpsprpsprpsprpsprpsppprpsrppsrpsprsprpsppssprpsprpsprpsrpspprsprpspprsprpsprpspsrpsprpsprpsprpspspsrpsppsrprpspsprpsprpsrpsprpsprpsprpsprsppsrpsprpsprpsrpsprpsprpsprpsprsprpsprpsprpsprpsprsprpsprpsprpsprsprpsprpsprpsprsprpsprpsprpsprsprpsprpsrpsprpsprpsrpsprpsprpsr
human or machine,0.042,175,psspspsprsrpppsppprsrssprspspsppsrrprpsrprpsspsprssrrrrrrspspppppsrprrrrrsrsssrpprpspsspsspsprprsspsrspssrsrrspspsrppsssprspppsrppssrprprpsrpsprssrspprprsprssprpsppspspspsrrprrsrpsprsssspssspsppssrrrrspprsrpsrsrprsrsprrrpprrrssprpsspprrrspprssssrrrpssrssspssrsrrspspspssprsprrrrssrprrssrsprrrpsrsrrps
human or machine,0.042,176,rpppssrprpsspssprrrssprpprrssrrrsrppssrpsrrsrprpspsssppssrpsssrrprrrppprpsrprsrprpsrssrsppssrrsrsprprrspppsrrppsrssrrpppssppprsrspsrppprsppsspssrsrprsrssrsssprrppppspppsrrrsprprprrrsssrrrrrrsssppspsprprpsprprppspsrrrrrprpprprrrsrspssspspprsppsrrppprpsrrsprsssrsrpsprpppprsrprpprrsprrpsrsprsssrrprsprp
human or machine,0.042,177,rprprprprprprprprprprprprprprprprprprprprprprprprprprprprprprprprprprprprprprprprprprprprprprprprprprprprprprprprprprprprprprprprprprprprprprprprprprprprprprprprprprprprprprprprprprprprprprprprprprprprprprprprprprprprprprprprprprprprprprprprprprprprprprprprprprprprprprprprprprprprprprprprprprprprprp
human or machine,0.042,178,ppprsrrsspsrsssrprpprrrrssrprrprpsrsssssrpsppsrrpprrrprrppsspprrprsssrpprrsppsrrrrssssssrrspsrpppsrrrprpsrspprrsrrrpsspssrspssspprprprsssrprppssppsprrprppprpspsrrrssrpssspprsrsspsprprppprrpsppprprprssspsrpppssssrssprprrprssrpssrrsspssrppprrrpprsrsrsrprsprssssrsrpssrrrpsrsprppsrsssprpprsrspprsrprspss
human or machine,0.042,179,rpprrrspssprrpppspsspppsrprrpsprrrprspssprppppsprrprsprrsrrrrsssprprprssprsssprrrrsrprsssspprprppsrrprsrsprsrrrprpsrrssrssprspsprsrrrrrsprsprrsrrssrprsppsrprpssssrprrppssrppsprpprrsprsssrssspssprpsrspsrrrrppprpssrsrprpsssrrrprrrprrrppsrppppprsrssprsrrsrrsprsrrrrsprpsrsssprsprppprrrrsssrrrssrrpsspsrs
human or machine,0.042,180,pprpprprsrrrrssspssprrrrprppsrrrrrssrrspprrrpsppssrprssppppsspsprrsppprsrrrrsprsrspppspspprrpsppsrpsrpssrrppsspsprsrrprssrsrrppspspsrssppprrrrrprsprppspprprsspprspsprsrprrssssrrsppsspspprrrprpsprsssrpppprprspppprsssprssrppprrssrsrpsprssspspppspsspsrrrrsppsrrsrrsrrrsprrrsprrsspsssprrrprrrsrrpppsssrrr
human or machine,0.042,181,rpssrpsssspsprsrssssrprpssppssrssssrrssrprrrrprrpssrsrrpspspsrrpprrsppsrpppssrrsppppssprrrsrrppssrssprrrsppppsppssprppsprsrspsrrrrprspspspssrpsrrrrspspsrrpsrrpspspprsppprpspsssrrssrrrprrrrrsppsrppsprrrrssrprrpsrpsrsprppprprrrssppsppsrrprssssrrprsrrssrrsrrrssspprrprspsrsprrrpsrssrpppprrspsprssrrrsprs
human or machine,0.042,182,psrpprsprpsprsprsprpsrpsrsrppsprsprpsrpsprsprpsrpsprsprpsrpsprsprpsrpsprsprpsprsprsprpsprsprpsrpsprsprppsrpsprpsrpsprppsrpsrpsrpsrpsprsprpsrpsrpsrpsprpsrpsrpsprpsrpsprsprsprpsrpsprsprpsrpsprsprpsrpsrpsprsprpsrsrsrsprpsrpsrpsprsprsprsprsprpsrpsrpsprsprsprsprsprsprsprsprpsrpsrpsprsprsprsrpsprsprsprspr
human or machine,0.042,183,rsprrspsrrprrrppssprrrrrpprrprrsrprspsprsrppsrspsssprsspsprpssrsprssssppsppssssppspprpspsppppprprsppsrrppprpspppppspprprsprrrprrsprrpsspsrrprpsrrrprspssrssrspspsprrrpsprspsspprrpprrrrrrpspsrsssrspsprsrpsrrrspsprspprprprpssssspsspsprspspspsprsrrssprpsprrpsprsrssrppprppsppssprpsrppspssppprspsrrsppppsr
human or machine,0.042,184,psprpsprpsprpsprpsprpsprpspsprpsprpsprpsprpsprpsprpsprpspsprsprpsprsprpsrpsprsprprprpsprpprsprsrsrsrsrsrsrsrrsrsrsrssrsrsrsrsrsrsrrsrpsrpsprpsprpsprpsprpsprpsrppsrppsrpsprpsprpsrpprsprpsprpsrpsrpsprpsrpprspprsprpsprpsrppsprsrsrsrsrrsrsrssrsrprsprpsprpsprpsprpsprpsprpsprpsprpsprpspsprpsprpsprpsprpspr
human or machine,0.042,185,prrsrsrrrrrsprssrssrrprprrppsrspsrprrprppppsrpspspssppsrsppsrsrrprssrrspppsppsrsppprsrppprsssppsrrrsppprrrrprrspssrprrrrsspsrsrrrssssssrsspsppsrprspppspprprpsppspppsppspspsrrrprspprrrprsssrrssrsrsssprsrprrrspspprpsssppsprprsssrrrppprsprpspsspsrrpprssssrsrpprssprrrssrsrsprsrsrrsssssssprssrrprsrpprspr
human or machine,0.042,186,rspspssrsssrrprsrrppsrssrssrsrrpssrrssppssssrpssrpsprpsrpprprrspsrsrsrprsrssprrpssrpprsrpsrssrsppsrsppsrrrpsprsspprssrsrprrpssspprsrpsrprrrsrprrrssppsrssrprrrrrrrrrprprpppsprppsppsrrsrpprppsrpsrrsrpssrrrpprprsprprpsspspppsrprpssssprrprprsppssrsrsrsppprsspsspsppprrrrrprpprrrprrppsrsrsrrsrpsrspssrpssp
human or machine,0.042,187,psrpsprpsprsprpsprpsrpsprpsprpsprpsrppsrpsprpsprpsprpsprpsprpsrpsprppsprpsprpsprpppsprpsprpsprpsppprpsprspprprpsppsrpsprsprpsrpsprpsrpsprpsprpsrpsprpsprpsprsprpspsprpsprpsrpsprsprpsprsprpsprsprpsprsprpsprsprpsprpsrpsprpsprpsrpsprpsrpsprppsrprpsprsprpsprsprpsprpsprppsppppsprpsprsprpsprsprsprspprsprps
human or machine,0.042,188,prprrrprrrrrppssrrsrpppsrppsprrsprrrrspsspspsssrppssrsspspppppprspssprsrrpprsprrrprspspppsrrrsssssrpsrsppssprsrprrppssrspspppspsprsprrrsprsrrpssssprpprssrrpsrpppprrsssrprsppsssprssppsprrpsprsssrpprpprrrprpsrrsrpprsprsssssrrsrsrrssssssssrpsprrppssppsrsprprsprpspssrrsrprrpprpppprpsrrpsrsrsppprrrrppprr
human or machine,0.042,189,rprrppssspssrrpspspsrsssspsprssrrsssprprpspprpsrrsrrprpsrsrrrprprppssprpprpppsrsprrrprprprsrpssrprpssprprrrrrspprrrspprsrsrprpprsspsrsrpsrsrsrsssprrprpssrspppprsprpsrsrsssprrrsppssrrrpspprsssssppprrrsrprrrrspsrpprsrprrprpsssprpppsrrprssppsprssrssrpprpppprssrppsrrpprrsrprprprrpsprsspprppspsspsrspsrpr
human or machine,0.042,190,srrsprprrpprrrsrrrsssssrrsrpssrrrspprrpsrpssrrsssrsppsrrrsrpprppssprssrspsrprrsrpspsrsrssprrpssrspssrsrpsrrrsprssrppppprsrpsssrsppssppprrrrrrprrrrsrrsspsrprprsrsrrsprpsrsprsprprpsrppsrpsrsrrsprsppssrrpsspspprpssrssssrsssrrssrpprrspsssrrrrppssrrrrsssspprssrspsppspsssrprrpssrpsssprprrsrrprspssrpsrsssr
human or machine,0.042,191,srpsrpsprpsrpsprpsrpsprprspsprpsppsrpprsprppsrpsprpsprsprpsprpsprpsrppsprsprpsprsprpsprpsrpsprpsrpsrpsprpsrpsrpsprpsrpsprpsrpsrpsprpsrpsprpsrpsprprspsprpsppsrpprsprppsrpsprpsprsprpsprpsprpsrppsprsprpsprsprpsprpsrpsprpsrpsrpsprpsrpsrpsprpsrpsprpsrpsrpsprpsrpsprpsrpsprprspsprpsppsrpprsprppsrpsprpsprsp
human or machine,0.042,192,rpsrpppsrrrpprrrsprsrsrpsrpsrsprpsrpsrrsrsrsrsrsssssppppprrrspsrspsrsrrrrssrpsprpsrppsppsrsrsrppppsprsrsppprpspprpsprsprsrsprpsrsrsrpppsrpsrprpspppsprsprpsprpsrpsrpsprpsrppsrpppsrsprsrpsrpsprpsrpsprpsprsprpspspssssppprpsrpsprpsrpsrsrpsrpsrpppsrrrpprrrsprsrsrpsrpsrsprpsrpsrrsrsrsrsrsssssppppprrrspsrs